,Date,Value,Ticker,pct
1,2021-09-30,134.33,TTEC,0.22922767203513916
2,2021-06-30,109.28,TTEC,0.8760515021459228
3,2021-03-31,58.25,TTEC,-0.7254560022623369
4,2020-12-31,212.17,TTEC,0.5267323882852413
5,2020-09-30,138.97,TTEC,0.8938402834559827
6,2020-06-30,73.38,TTEC,0.6173683050473882
7,2020-03-31,45.37,TTEC,-0.7445382882882883
8,2019-12-31,177.6,TTEC,0.26576865512080383
9,2019-09-30,140.31,TTEC,0.5059568530642911
10,2019-06-30,93.17,TTEC,0.39517819706498947
11,2019-03-31,66.78,TTEC,-0.46546065796846237
12,2018-12-31,124.93,TTEC,-0.06969990319457875
13,2018-09-30,134.29,TTEC,0.52897643174314
14,2018-06-30,87.83,TTEC,0.4667668670674683
15,2018-03-31,59.88,TTEC,-0.022048015678588828
16,2017-12-31,61.23,TTEC,-0.42093815017968605
17,2017-09-30,105.74,TTEC,0.10272186880800915
18,2017-06-30,95.89,TTEC,0.5242409791766016
19,2017-03-31,62.91,TTEC,0.02945508100147265
20,2016-12-31,61.11,TTEC,-0.15207437213819885
21,2016-09-30,72.07,TTEC,1.6331750091340882
22,2016-06-30,27.37,TTEC,-13.671296296296296
23,2016-03-31,-2.16,TTEC,-1.0301633850020946
24,2015-12-31,71.61,TTEC,0.06721311475409841
25,2015-09-30,67.1,TTEC,0.19565217391304346
26,2015-06-30,56.12,TTEC,-7.086767895878524
27,2015-03-31,-9.22,TTEC,-1.346877351392024
28,2014-12-31,26.58,TTEC,1.709480122324159
29,2014-09-30,9.81,TTEC,-4.606617647058823
30,2014-06-30,-2.72,TTEC,0.9154929577464792
31,2014-03-31,-1.42,TTEC,-1.0162063455832002
32,2013-12-31,87.62,TTEC,0.956677087985708
33,2013-09-30,44.78,TTEC,0.6866290018832393
34,2013-06-30,26.55,TTEC,10.10878661087866
35,2013-03-31,2.39,TTEC,-0.964237617836301
36,2012-12-31,66.83,TTEC,1.176164115923152
37,2012-09-30,30.71,TTEC,-0.025388765471278996
38,2012-06-30,31.51,TTEC,2.80096501809409
39,2012-03-31,8.29,TTEC,-0.8930598555211559
40,2011-12-31,77.52,TTEC,2.7759376522162684
41,2011-09-30,20.53,TTEC,-0.4590250329380764
42,2011-06-30,37.95,TTEC,0.8297974927675991
43,2011-03-31,20.74,TTEC,-0.8073564926620843
44,2010-12-31,107.66,TTEC,0.04962464658282162
45,2010-09-30,102.57,TTEC,0.6458600770218228
46,2010-06-30,62.32,TTEC,0.39045069165551083
47,2010-03-31,44.82,TTEC,-0.6697126013264554
48,2009-12-31,135.7,TTEC,0.015794595403847422
49,2009-09-30,133.59,TTEC,0.6795323107870253
50,2009-06-30,79.54,TTEC,0.7458296751536435
51,2009-03-31,45.56,TTEC,
53,2021-09-30,54.45,CSV,0.6656469868461306
54,2021-06-30,32.69,CSV,0.4785165083672547
55,2021-03-31,22.11,CSV,-0.7100708103855232
56,2020-12-31,76.26,CSV,0.3196054680740614
57,2020-09-30,57.79,CSV,1.2914353687549562
58,2020-06-30,25.22,CSV,1.3330249768732654
59,2020-03-31,10.81,CSV,-0.6246527777777777
60,2019-12-31,28.8,CSV,0.17168429617575276
61,2019-09-30,24.58,CSV,0.8398203592814371
62,2019-06-30,13.36,CSV,0.7695364238410596
63,2019-03-31,7.55,CSV,-0.7871440654073865
64,2018-12-31,35.47,CSV,0.1950808625336926
65,2018-09-30,29.68,CSV,0.40000000000000013
66,2018-06-30,21.2,CSV,0.6536661466458658
67,2018-03-31,12.82,CSV,-0.5554785020804438
68,2017-12-31,28.84,CSV,0.659378596087457
69,2017-09-30,17.38,CSV,0.5165794066317624
70,2017-06-30,11.46,CSV,1.5869074492099324
71,2017-03-31,4.43,CSV,-0.8585568326947637
72,2016-12-31,31.32,CSV,0.7897142857142858
73,2016-09-30,17.5,CSV,0.5283842794759825
74,2016-06-30,11.45,CSV,0.5924895688456187
75,2016-03-31,7.19,CSV,-0.5408684546615581
76,2015-12-31,15.66,CSV,0.10671378091872796
77,2015-09-30,14.15,CSV,1.03012912482066
78,2015-06-30,6.97,CSV,0.12057877813504825
79,2015-03-31,6.22,CSV,-0.517455391776571
80,2014-12-31,12.89,CSV,0.35827186512118026
81,2014-09-30,9.49,CSV,1.6143250688705235
82,2014-06-30,3.63,CSV,-1.5442278860569716
83,2014-03-31,-6.67,CSV,-1.2288164665523156
84,2013-12-31,29.15,CSV,0.2253047498949139
85,2013-09-30,23.79,CSV,0.29645776566757487
86,2013-06-30,18.35,CSV,1.5102599179206568
87,2013-03-31,7.31,CSV,-0.523157208088715
88,2012-12-31,15.33,CSV,1.060483870967742
89,2012-09-30,7.44,CSV,-0.03626943005181338
90,2012-06-30,7.72,CSV,16.953488372093023
91,2012-03-31,0.43,CSV,-0.9790346172598733
92,2011-12-31,20.51,CSV,0.16999429549343992
93,2011-09-30,17.53,CSV,0.5721973094170405
94,2011-06-30,11.15,CSV,5.636904761904763
95,2011-03-31,1.68,CSV,-0.8940731399747793
96,2010-12-31,15.86,CSV,0.5765407554671966
97,2010-09-30,10.06,CSV,-0.04463437796771119
98,2010-06-30,10.53,CSV,9.323529411764705
99,2010-03-31,1.02,CSV,-0.8497790868924889
100,2009-12-31,6.79,CSV,2.5364583333333335
101,2009-09-30,1.92,CSV,-0.4934036939313985
102,2009-06-30,3.79,CSV,-2.6696035242290748
103,2009-03-31,-2.27,CSV,
105,2021-09-30,250.38,PPBI,0.49632462798063703
106,2021-06-30,167.33,PPBI,0.6114214175654855
107,2021-03-31,103.84,PPBI,-0.4832031055591499
108,2020-12-31,200.93,PPBI,0.23672062534621774
109,2020-09-30,162.47,PPBI,0.6806661839246921
110,2020-06-30,96.67,PPBI,1.3740176817288803
111,2020-03-31,40.72,PPBI,-0.7720172442752365
112,2019-12-31,178.61,PPBI,0.4173147119504843
113,2019-09-30,126.02,PPBI,0.5565711462450593
114,2019-06-30,80.96,PPBI,0.920759193357058
115,2019-03-31,42.15,PPBI,-0.7736305048335124
116,2018-12-31,186.2,PPBI,0.43274853801169577
117,2018-09-30,129.96,PPBI,0.1824219816213266
118,2018-06-30,109.91,PPBI,2.3085490668272124
119,2018-03-31,33.22,PPBI,-0.4905689311455298
120,2017-12-31,65.21,PPBI,0.7389333333333332
121,2017-09-30,37.5,PPBI,-0.12790697674418605
122,2017-06-30,43.0,PPBI,4.834464043419267
123,2017-03-31,7.37,PPBI,-0.8802210303916789
124,2016-12-31,61.53,PPBI,0.5557522123893808
125,2016-09-30,39.55,PPBI,0.46644419725621056
126,2016-06-30,26.97,PPBI,1.5419415645617343
127,2016-03-31,10.61,PPBI,-0.5444396736796908
128,2015-12-31,23.29,PPBI,0.5620389000670689
129,2015-09-30,14.91,PPBI,1.4482758620689657
130,2015-06-30,6.09,PPBI,-36.8235294117647
131,2015-03-31,-0.17,PPBI,-1.014480408858603
132,2014-12-31,11.74,PPBI,0.20040899795501033
133,2014-09-30,9.78,PPBI,3.1617021276595745
134,2014-06-30,2.35,PPBI,-2.6433566433566433
135,2014-03-31,-1.43,PPBI,-1.11996644295302
136,2013-12-31,11.92,PPBI,0.5420439844760672
137,2013-09-30,7.73,PPBI,0.3443478260869566
138,2013-06-30,5.75,PPBI,-10.274193548387096
139,2013-03-31,-0.62,PPBI,-1.081151832460733
140,2012-12-31,7.64,PPBI,-7.586206896551724
141,2012-09-30,-1.16,PPBI,-1.4233576642335766
142,2012-06-30,2.74,PPBI,0.7452229299363058
143,2012-03-31,1.57,PPBI,-0.8289760348583878
144,2011-12-31,9.18,PPBI,0.06620209059233462
145,2011-09-30,8.61,PPBI,1.4322033898305082
146,2011-06-30,3.54,PPBI,-3.5467625899280577
147,2011-03-31,-1.39,PPBI,-1.1561797752808989
148,2010-12-31,8.9,PPBI,0.9955156950672646
149,2010-09-30,4.46,PPBI,-0.15370018975332067
150,2010-06-30,5.27,PPBI,1.4398148148148144
151,2010-03-31,2.16,PPBI,-0.6115107913669064
152,2009-12-31,5.56,PPBI,-0.17384843982169407
153,2009-09-30,6.73,PPBI,0.5542725173210163
154,2009-06-30,4.33,PPBI,2.255639097744361
155,2009-03-31,1.33,PPBI,
157,2021-09-30,622.23,AEL,0.012645249487354793
158,2021-06-30,614.46,AEL,0.3125
159,2021-03-31,468.16,AEL,0.3657341229324076
160,2020-12-31,,AEL,0.0
161,2020-09-30,342.79,AEL,-2.0096312441093307
162,2020-06-30,-339.52,AEL,-9.728020565552699
163,2020-03-31,,AEL,0.0
164,2019-12-31,,AEL,0.0
165,2019-09-30,,AEL,0.0
166,2019-06-30,,AEL,0.0
167,2019-03-31,,AEL,0.0
168,2018-12-31,38.9,AEL,-0.9332452422219553
169,2018-09-30,582.73,AEL,-4.981484012025144
170,2018-06-30,-146.36,AEL,-0.6705681102007742
171,2018-03-31,-444.28,AEL,-1.5359809870794177
172,2017-12-31,,AEL,0.0
173,2017-09-30,,AEL,0.0
174,2017-06-30,828.91,AEL,0.6690023155139435
175,2017-03-31,496.65,AEL,-0.473681421743692
176,2016-12-31,,AEL,0.0
177,2016-09-30,943.63,AEL,1.2367791025671413
178,2016-06-30,421.87,AEL,1.9841550541133195
179,2016-03-31,141.37,AEL,-0.7192198454785597
180,2015-12-31,503.49,AEL,6.174266172698774
181,2015-09-30,70.18,AEL,-0.7350798384356951
182,2015-06-30,264.91,AEL,-2.885346238701872
183,2015-03-31,-140.51,AEL,-1.1989015189049164
184,2014-12-31,706.43,AEL,0.45182703769164356
185,2014-09-30,486.58,AEL,0.23259702097476942
186,2014-06-30,394.76,AEL,7.231025854879066
187,2014-03-31,47.96,AEL,-0.9443438703987375
188,2013-12-31,861.72,AEL,0.4271613116926136
189,2013-09-30,603.8,AEL,0.22978532730457446
190,2013-06-30,490.98,AEL,0.3286247767494723
191,2013-03-31,369.54,AEL,-0.528395313816075
192,2012-12-31,783.58,AEL,-0.05509665127160024
193,2012-09-30,829.27,AEL,0.6580425872238329
194,2012-06-30,500.15,AEL,0.09315236159377527
195,2012-03-31,457.53,AEL,0.6788243496128867
196,2011-12-31,272.53,AEL,1.8567085953878402
197,2011-09-30,95.4,AEL,-0.47579537337216327
198,2011-06-30,181.99,AEL,-0.23227167264290238
199,2011-03-31,237.05,AEL,-0.4290153193949321
200,2010-12-31,415.16,AEL,2.184474955894761
201,2010-09-30,130.37,AEL,13.033369214208829
202,2010-06-30,9.29,AEL,-0.9480105210140467
203,2010-03-31,178.69,AEL,-0.652069784648935
204,2009-12-31,513.58,AEL,0.9893864270220019
205,2009-09-30,258.16,AEL,1.7097722263041883
206,2009-06-30,95.27,AEL,0.6057643687847631
207,2009-03-31,59.33,AEL,
209,2021-09-30,-65.49,RHP,-0.3665731695521811
210,2021-06-30,-103.39,RHP,0.504511059371362
211,2021-03-31,-68.72,RHP,-0.7898406679103337
212,2020-12-31,-326.99,RHP,0.3802287788611709
213,2020-09-30,-236.91,RHP,0.22156337011446836
214,2020-06-30,-193.94,RHP,4.037402597402598
215,2020-03-31,-38.5,RHP,-1.1904526341825377
216,2019-12-31,202.15,RHP,0.6632384400197466
217,2019-09-30,121.54,RHP,0.7475197699496767
218,2019-06-30,69.55,RHP,11.223198594024604
219,2019-03-31,5.69,RHP,-0.9574420344053852
220,2018-12-31,133.7,RHP,0.44587433762301276
221,2018-09-30,92.47,RHP,1.5431793179317932
222,2018-06-30,36.36,RHP,-10.934426229508196
223,2018-03-31,-3.66,RHP,-1.0323121744504282
224,2017-12-31,113.27,RHP,0.27815391559467373
225,2017-09-30,88.62,RHP,1.5731707317073176
226,2017-06-30,34.44,RHP,55.45901639344262
227,2017-03-31,0.61,RHP,-0.9965265915043845
228,2016-12-31,175.62,RHP,0.5329958100558658
229,2016-09-30,114.56,RHP,0.6130667417628839
230,2016-06-30,71.02,RHP,0.7741693729702721
231,2016-03-31,40.03,RHP,-0.747045813586098
232,2015-12-31,158.25,RHP,0.7340565417488494
233,2015-09-30,91.26,RHP,1.2566765578635017
234,2015-06-30,40.44,RHP,-4.62041181736795
235,2015-03-31,-11.17,RHP,-1.057621872581893
236,2014-12-31,193.85,RHP,0.8203587191285566
237,2014-09-30,106.49,RHP,0.9036467643904182
238,2014-06-30,55.94,RHP,3.529554655870445
239,2014-03-31,12.35,RHP,-0.8774071868175501
240,2013-12-31,100.74,RHP,1.473968565815324
241,2013-09-30,40.72,RHP,-2.6903279369032793
242,2013-06-30,-24.09,RHP,-0.5773684210526315
243,2013-03-31,-57.0,RHP,-1.7016248153618907
244,2012-12-31,81.24,RHP,0.5892018779342723
245,2012-09-30,51.12,RHP,1.5108055009823183
246,2012-06-30,20.36,RHP,-2.2869785082174463
247,2012-03-31,-15.82,RHP,-1.7416783872480077
248,2011-12-31,21.33,RHP,-2.9532967032967035
249,2011-09-30,-10.92,RHP,-0.49885268471776045
250,2011-06-30,-21.79,RHP,-0.5208883025505717
251,2011-03-31,-45.48,RHP,-0.1754894851341552
252,2010-12-31,-55.16,RHP,1.598210080075365
253,2010-09-30,-21.23,RHP,-1.783105864994467
254,2010-06-30,27.11,RHP,0.3595787362086258
255,2010-03-31,19.94,RHP,-0.7151021574510644
256,2009-12-31,69.99,RHP,1.1675441313100028
257,2009-09-30,32.29,RHP,1.9542543458371453
258,2009-06-30,10.93,RHP,-1.4124528301886792
259,2009-03-31,-26.5,RHP,
261,2021-09-30,52.2,LXFR,1.5096153846153846
262,2021-06-30,20.8,LXFR,0.5072463768115942
263,2021-03-31,13.8,LXFR,-0.6682692307692308
264,2020-12-31,41.6,LXFR,0.30000000000000004
265,2020-09-30,32.0,LXFR,5.274509803921569
266,2020-06-30,5.1,LXFR,-1.7285714285714286
267,2020-03-31,-7.0,LXFR,0.14754098360655754
268,2019-12-31,-6.1,LXFR,-0.7312775330396476
269,2019-09-30,-22.7,LXFR,0.05581395348837215
270,2019-06-30,-21.5,LXFR,0.9545454545454546
271,2019-03-31,-11.0,LXFR,-1.222672064777328
272,2018-12-31,49.4,LXFR,0.5583596214511042
273,2018-09-30,31.7,LXFR,0.8114285714285714
274,2018-06-30,17.5,LXFR,1.5
275,2018-03-31,7.0,LXFR,-0.7535211267605634
276,2017-12-31,28.4,LXFR,0.2792792792792793
277,2017-09-30,22.2,LXFR,0.5102040816326532
278,2017-06-30,14.7,LXFR,1.0136986301369864
279,2017-03-31,7.3,LXFR,-0.4427480916030534
280,2016-12-31,13.1,LXFR,0.6582278481012658
281,2016-09-30,7.9,LXFR,0.38596491228070184
282,2016-06-30,5.7,LXFR,-29.5
283,2016-03-31,-0.2,LXFR,-1.0053333333333334
284,2015-12-31,37.5,LXFR,0.2975778546712804
285,2015-09-30,28.9,LXFR,0.5052083333333333
286,2015-06-30,19.2,LXFR,2.5555555555555554
287,2015-03-31,5.4,LXFR,1.076923076923077
288,2014-12-31,2.6,LXFR,-1.3661971830985915
289,2014-09-30,-7.1,LXFR,-0.37168141592920356
290,2014-06-30,-11.3,LXFR,5.277777777777778
291,2014-03-31,-1.8,LXFR,-1.1384615384615384
292,2013-12-31,13.0,LXFR,-0.1719745222929936
293,2013-09-30,15.7,LXFR,0.8255813953488371
294,2013-06-30,8.6,LXFR,0.5087719298245612
295,2013-03-31,5.7,LXFR,-0.8853118712273642
296,2012-12-31,49.7,LXFR,0.1918465227817745
297,2012-09-30,41.7,LXFR,
302,2021-09-30,-160.3,MELI,-0.3922044437703799
303,2021-06-30,-263.74,MELI,-0.2979476668352543
304,2021-03-31,-375.67,MELI,-1.401451195793883
305,2020-12-31,935.78,MELI,0.2208957950082846
306,2020-09-30,766.47,MELI,0.6313078642119825
307,2020-06-30,469.85,MELI,-4.591301689215012
308,2020-03-31,-130.83,MELI,-1.416271596296414
309,2019-12-31,314.29,MELI,0.1550957403800215
310,2019-09-30,272.09,MELI,1.8774323181049066
311,2019-06-30,94.56,MELI,-0.10318664643399089
312,2019-03-31,105.44,MELI,-0.20929883764529433
313,2018-12-31,133.35,MELI,0.05381697486960646
314,2018-09-30,126.54,MELI,1.0867414248021108
315,2018-06-30,60.64,MELI,-2.0116783450116786
316,2018-03-31,-59.94,MELI,-1.3087144622991347
317,2017-12-31,194.16,MELI,0.020122944359796113
318,2017-09-30,190.33,MELI,-0.007767698884370677
319,2017-06-30,191.82,MELI,1.085453359425962
320,2017-03-31,91.98,MELI,-0.18831627250264726
321,2016-12-31,113.32,MELI,0.3170618317061831
322,2016-09-30,86.04,MELI,10.786301369863015
323,2016-06-30,7.3,MELI,-1.2680866691149468
324,2016-03-31,-27.23,MELI,-1.171430370183833
325,2015-12-31,158.84,MELI,1.1337990327780765
326,2015-09-30,74.44,MELI,0.019028062970568138
327,2015-06-30,73.05,MELI,1.367141931302657
328,2015-03-31,30.86,MELI,-0.8099402599002279
329,2014-12-31,162.37,MELI,0.4244231950171069
330,2014-09-30,113.99,MELI,0.5557526955097585
331,2014-06-30,73.27,MELI,2.546466602129719
332,2014-03-31,20.66,MELI,-0.28164116828929076
333,2013-12-31,28.76,MELI,-0.3848128342245989
334,2013-09-30,46.75,MELI,1.2187944945420028
335,2013-06-30,21.07,MELI,-0.22622107969151672
336,2013-03-31,27.23,MELI,-0.778869579340588
337,2012-12-31,123.14,MELI,0.7095654588365958
338,2012-09-30,72.03,MELI,0.43571855690651784
339,2012-06-30,50.17,MELI,2.2812295618051017
340,2012-03-31,15.29,MELI,-0.7831205673758865
341,2011-12-31,70.5,MELI,0.559389515593895
342,2011-09-30,45.21,MELI,1.2064421669106884
343,2011-06-30,20.49,MELI,0.6685667752442996
344,2011-03-31,12.28,MELI,-0.77542062911485
345,2010-12-31,54.68,MELI,0.7391857506361323
346,2010-09-30,31.44,MELI,0.4168544389364579
347,2010-06-30,22.19,MELI,1.2057654075546718
348,2010-03-31,10.06,MELI,-0.7808278867102396
349,2009-12-31,45.9,MELI,0.9117034568929612
350,2009-09-30,24.01,MELI,1.2149446494464948
351,2009-06-30,10.84,MELI,2.463258785942492
352,2009-03-31,3.13,MELI,
354,2021-09-30,-299.36,EQIX,-0.15221885531420798
355,2021-06-30,-353.11,EQIX,0.5611902024935891
356,2021-03-31,-226.18,EQIX,-2.400148570013619
357,2020-12-31,161.54,EQIX,2.1649686520376172
358,2020-09-30,51.04,EQIX,-0.5951134380453753
359,2020-06-30,126.06,EQIX,0.5852615694164991
360,2020-03-31,79.52,EQIX,-0.22668481960517362
361,2019-12-31,102.83,EQIX,2.0306513409961684
362,2019-09-30,33.93,EQIX,-0.6872522813162503
363,2019-06-30,108.49,EQIX,1.1086491739552962
364,2019-03-31,51.45,EQIX,-1.1140772931864038
365,2018-12-31,-451.01,EQIX,0.5927181551718048
366,2018-09-30,-283.17,EQIX,2.9263727121464225
367,2018-06-30,-72.12,EQIX,0.13539042821158698
368,2018-03-31,-63.52,EQIX,-5.815769522365429
369,2017-12-31,13.19,EQIX,-1.6982530439385917
370,2017-09-30,-18.89,EQIX,-0.7404506732618852
371,2017-06-30,-72.78,EQIX,2.0528523489932886
372,2017-03-31,-23.84,EQIX,-1.0326821577901157
373,2016-12-31,729.45,EQIX,-0.07870972630940798
374,2016-09-30,791.77,EQIX,-12.349913990825687
375,2016-06-30,-69.76,EQIX,-0.19305957200694035
376,2016-03-31,-86.45,EQIX,6.46545768566494
377,2015-12-31,-11.58,EQIX,-1.3416937149601653
378,2015-09-30,33.89,EQIX,-0.04615817618913598
379,2015-06-30,35.53,EQIX,-0.19995496509795085
380,2015-03-31,44.41,EQIX,2.572807723250201
381,2014-12-31,12.43,EQIX,-0.7442912980868135
382,2014-09-30,48.61,EQIX,-5.109044801352494
383,2014-06-30,-11.83,EQIX,-1.2413300693594451
384,2014-03-31,49.02,EQIX,-2.1635414194160933
385,2013-12-31,-42.13,EQIX,4.7319727891156464
386,2013-09-30,-7.35,EQIX,-1.2462311557788945
387,2013-06-30,29.85,EQIX,2.5076380728554644
388,2013-03-31,8.51,EQIX,-1.0541589766435435
389,2012-12-31,-157.13,EQIX,0.24944338422391854
390,2012-09-30,-125.76,EQIX,4.932075471698114
391,2012-06-30,-21.2,EQIX,0.08717948717948709
392,2012-03-31,-19.5,EQIX,-0.8453976056449695
393,2011-12-31,-126.13,EQIX,0.05530455153949121
394,2011-09-30,-119.52,EQIX,-0.07969507969507972
395,2011-06-30,-129.87,EQIX,0.7962655601659752
396,2011-03-31,-72.3,EQIX,-0.6409950841650529
397,2010-12-31,-201.39,EQIX,0.21268139940988728
398,2010-09-30,-166.07,EQIX,0.2266046236797401
399,2010-06-30,-135.39,EQIX,2.105987611837577
400,2010-03-31,-43.59,EQIX,2.1024911032028473
401,2009-12-31,-14.05,EQIX,-3.7123552123552126
402,2009-09-30,5.18,EQIX,-1.365819209039548
403,2009-06-30,-14.16,EQIX,-0.3604336043360433
404,2009-03-31,-22.14,EQIX,
406,2021-09-30,79.65,CCOI,0.46982838162022533
407,2021-06-30,54.19,CCOI,0.711623499684144
408,2021-03-31,31.66,CCOI,-0.6247481332227095
409,2020-12-31,84.37,CCOI,0.34647302904564325
410,2020-09-30,62.66,CCOI,0.4582266697696067
411,2020-06-30,42.97,CCOI,1.7562540089801155
412,2020-03-31,15.59,CCOI,-0.8469317623956799
413,2019-12-31,101.85,CCOI,0.5514089870525511
414,2019-09-30,65.65,CCOI,0.4832806145503843
415,2019-06-30,44.26,CCOI,1.883387622149837
416,2019-03-31,15.35,CCOI,-0.8172183853298405
417,2018-12-31,83.98,CCOI,0.5494464944649446
418,2018-09-30,54.2,CCOI,0.568287037037037
419,2018-06-30,34.56,CCOI,1.2632612966601182
420,2018-03-31,15.27,CCOI,-0.7682852807283763
421,2017-12-31,65.9,CCOI,0.4592559787422501
422,2017-09-30,45.16,CCOI,0.6542124542124541
423,2017-06-30,27.3,CCOI,1.4223602484472053
424,2017-03-31,11.27,CCOI,-0.8203411445879165
425,2016-12-31,62.73,CCOI,0.7400832177531207
426,2016-09-30,36.05,CCOI,0.6416211293260472
427,2016-06-30,21.96,CCOI,0.7539936102236422
428,2016-03-31,12.52,CCOI,-0.740410532863363
429,2015-12-31,48.23,CCOI,0.5463289515870469
430,2015-09-30,31.19,CCOI,1.131920710868079
431,2015-06-30,14.63,CCOI,1.6794871794871797
432,2015-03-31,5.46,CCOI,-0.5803228285933897
433,2014-12-31,13.01,CCOI,0.606172839506173
434,2014-09-30,8.1,CCOI,0.09164420485175206
435,2014-06-30,7.42,CCOI,-2.4869739478957915
436,2014-03-31,-4.99,CCOI,-1.152041438147471
437,2013-12-31,32.82,CCOI,1.407923697725605
438,2013-09-30,13.63,CCOI,0.5331833520809899
439,2013-06-30,8.89,CCOI,-7.5851851851851855
440,2013-03-31,-1.35,CCOI,-1.037910699241786
441,2012-12-31,35.61,CCOI,1.6183823529411767
442,2012-09-30,13.6,CCOI,0.4639397201291713
443,2012-06-30,9.29,CCOI,22.224999999999998
444,2012-03-31,0.4,CCOI,-0.986648865153538
445,2011-12-31,29.96,CCOI,1.288770053475936
446,2011-09-30,13.09,CCOI,0.9743589743589745
447,2011-06-30,6.63,CCOI,9.523809523809524
448,2011-03-31,0.63,CCOI,-0.9663461538461539
449,2010-12-31,18.72,CCOI,1.2101534828807554
450,2010-09-30,8.47,CCOI,0.41402337228714536
451,2010-06-30,5.99,CCOI,0.5050251256281408
452,2010-03-31,3.98,CCOI,-0.46505376344086025
453,2009-12-31,7.44,CCOI,-7.2
454,2009-09-30,-1.2,CCOI,-2.666666666666667
455,2009-06-30,0.72,CCOI,-0.3271028037383178
456,2009-03-31,1.07,CCOI,
458,2021-09-30,,DLR,0.0
459,2021-06-30,,DLR,0.0
460,2021-03-31,,DLR,0.0
461,2020-12-31,,DLR,0.0
462,2020-09-30,,DLR,0.0
463,2020-06-30,,DLR,0.0
464,2020-03-31,753.02,DLR,-0.01940306281904358
465,2019-12-31,,DLR,0.0
466,2019-09-30,,DLR,0.0
467,2019-06-30,767.92,DLR,1.2478777589134125
468,2019-03-31,341.62,DLR,-0.5687650689859756
469,2018-12-31,,DLR,0.0
470,2018-09-30,,DLR,0.0
471,2018-06-30,792.19,DLR,1.1171927198866825
472,2018-03-31,374.17,DLR,-0.46307058705353943
473,2017-12-31,696.87,DLR,0.060039549741405684
474,2017-09-30,657.4,DLR,0.3569187582562747
475,2017-06-30,484.48,DLR,1.3577963792096557
476,2017-03-31,205.48,DLR,-0.4827829238824003
477,2016-12-31,397.28,DLR,2.512954284198426
478,2016-09-30,113.09,DLR,-0.7374457316648481
479,2016-06-30,430.73,DLR,1.002929551267147
480,2016-03-31,215.05,DLR,-0.7564993885592645
481,2015-12-31,883.16,DLR,0.3057736379093663
482,2015-09-30,676.35,DLR,0.3738853115033822
483,2015-06-30,492.29,DLR,1.70192096597146
484,2015-03-31,182.2,DLR,-0.7278688034890146
485,2014-12-31,669.53,DLR,0.37703872812159345
486,2014-09-30,486.21,DLR,0.37654653039268426
487,2014-06-30,353.21,DLR,2.0341895026200496
488,2014-03-31,116.41,DLR,-0.7658123440894826
489,2013-12-31,497.08,DLR,0.6735009931656737
490,2013-09-30,297.03,DLR,0.9044046932102325
491,2013-06-30,155.97,DLR,13.361878453038674
492,2013-03-31,10.86,DLR,0.26279069767441854
493,2012-12-31,,DLR,0.0
494,2012-09-30,,DLR,0.0
495,2012-06-30,8.6,DLR,-1.154509522098455
496,2012-03-31,-55.66,DLR,-1.2723758257890874
497,2011-12-31,204.35,DLR,0.11380607183735769
498,2011-09-30,183.47,DLR,0.0793622779150489
499,2011-06-30,169.98,DLR,1.6895569620253164
500,2011-03-31,63.2,DLR,-1.0658353906892923
501,2010-12-31,-959.97,DLR,0.019541829072718953
502,2010-09-30,-941.57,DLR,2.270362265985898
503,2010-06-30,-287.91,DLR,-0.09405286343612329
504,2010-03-31,-317.8,DLR,-3.1795487277964476
505,2009-12-31,145.81,DLR,-0.18746168849261624
506,2009-09-30,179.45,DLR,0.44275607010773443
507,2009-06-30,124.38,DLR,2.0057999033349443
508,2009-03-31,41.38,DLR,
510,2021-09-30,1.92,SOHO,16.454545454545453
511,2021-06-30,0.11,SOHO,-1.0625
512,2021-03-31,-1.76,SOHO,-0.8843626806833115
513,2020-12-31,-15.22,SOHO,0.6312968917470525
514,2020-09-30,-9.33,SOHO,0.18101265822784796
515,2020-06-30,-7.9,SOHO,27.21428571428571
516,2020-03-31,-0.28,SOHO,-1.0809248554913296
517,2019-12-31,3.46,SOHO,-0.2638297872340426
518,2019-09-30,4.7,SOHO,-0.15921288014311263
519,2019-06-30,5.59,SOHO,54.9
520,2019-03-31,0.1,SOHO,-1.0013218770654329
521,2018-12-31,-75.65,SOHO,-0.00799895095725145
522,2018-09-30,-76.26,SOHO,0.02956662616443917
523,2018-06-30,-74.07,SOHO,-0.06264236902050113
524,2018-03-31,-79.02,SOHO,12.71875
525,2017-12-31,-5.76,SOHO,8.29032258064516
526,2017-09-30,-0.62,SOHO,-1.5636363636363635
527,2017-06-30,1.1,SOHO,-0.05982905982905973
528,2017-03-31,1.17,SOHO,-0.6432926829268293
529,2016-12-31,3.28,SOHO,-0.23720930232558146
530,2016-09-30,4.3,SOHO,-0.07922912205567456
531,2016-06-30,4.67,SOHO,1.7964071856287425
532,2016-03-31,1.67,SOHO,-1.052383939774153
533,2015-12-31,-31.88,SOHO,0.0676490288010716
534,2015-09-30,-29.86,SOHO,21.283582089552237
535,2015-06-30,-1.34,SOHO,0.16521739130434798
536,2015-03-31,-1.15,SOHO,-0.9794862647163753
537,2014-12-31,-56.06,SOHO,0.13069786204114564
538,2014-09-30,-49.58,SOHO,-0.03352826510721241
539,2014-06-30,-51.3,SOHO,-0.12784767086025162
540,2014-03-31,-58.82,SOHO,1.258832565284178
541,2013-12-31,-26.04,SOHO,-7.9625668449197855
542,2013-09-30,3.74,SOHO,-0.015789473684210464
543,2013-06-30,3.8,SOHO,2.877551020408163
544,2013-03-31,0.98,SOHO,-0.8398692810457516
545,2012-12-31,6.12,SOHO,0.06065857885615267
546,2012-09-30,5.77,SOHO,1.0388692579505299
547,2012-06-30,2.83,SOHO,0.9790209790209792
548,2012-03-31,1.43,SOHO,-0.10625000000000007
549,2011-12-31,1.6,SOHO,-0.50920245398773
550,2011-09-30,3.26,SOHO,0.9289940828402365
551,2011-06-30,1.69,SOHO,-0.37174721189591076
552,2011-03-31,2.69,SOHO,0.4619565217391304
553,2010-12-31,1.84,SOHO,-0.136150234741784
554,2010-09-30,2.13,SOHO,-0.2876254180602008
555,2010-06-30,2.99,SOHO,-6.75
556,2010-03-31,-0.52,SOHO,-0.9458896982310093
557,2009-12-31,-9.61,SOHO,0.08587570621468932
558,2009-09-30,-8.85,SOHO,0.18473895582329325
559,2009-06-30,-7.47,SOHO,-0.08004926108374377
560,2009-03-31,-8.12,SOHO,
562,2021-09-30,-14.51,VYNT,0.29669347631814125
563,2021-06-30,-11.19,VYNT,1.4273318872017349
564,2021-03-31,-4.61,VYNT,-0.2146507666098807
565,2020-12-31,-5.87,VYNT,0.34942528735632195
566,2020-09-30,-4.35,VYNT,1.1534653465346532
567,2020-06-30,-2.02,VYNT,0.31168831168831157
568,2020-03-31,-1.54,VYNT,-0.8227848101265822
569,2019-12-31,-8.69,VYNT,0.4107142857142856
570,2019-09-30,-6.16,VYNT,0.2622950819672132
571,2019-06-30,-4.88,VYNT,0.08928571428571419
572,2019-03-31,-4.48,VYNT,-0.6435958631662688
573,2018-12-31,-12.57,VYNT,0.09685863874345535
574,2018-09-30,-11.46,VYNT,0.41307028360049336
575,2018-06-30,-8.11,VYNT,0.7292110874200424
576,2018-03-31,-4.69,VYNT,-0.6841750841750842
577,2017-12-31,-14.85,VYNT,0.29807692307692313
578,2017-09-30,-11.44,VYNT,0.46854942233632846
579,2017-06-30,-7.79,VYNT,2.031128404669261
580,2017-03-31,-2.57,VYNT,-0.8598691384950927
581,2016-12-31,-18.34,VYNT,0.03968253968253954
582,2016-09-30,-17.64,VYNT,0.3653250773993808
583,2016-06-30,-12.92,VYNT,1.1145662847790505
584,2016-03-31,-6.11,VYNT,-0.5817932922655715
585,2015-12-31,-14.61,VYNT,0.406159769008662
586,2015-09-30,-10.39,VYNT,0.363517060367454
587,2015-06-30,-7.62,VYNT,1.38871473354232
588,2015-03-31,-3.19,VYNT,-0.7673231218088986
589,2014-12-31,-13.71,VYNT,0.5491525423728816
590,2014-09-30,-8.85,VYNT,0.4274193548387095
591,2014-06-30,-6.2,VYNT,1.9807692307692308
592,2014-03-31,-2.08,VYNT,-0.7503001200480193
593,2013-12-31,-8.33,VYNT,0.2488755622188905
594,2013-09-30,-6.67,VYNT,0.7506561679790025
595,2013-06-30,-3.81,VYNT,5.68421052631579
596,2013-03-31,-0.57,VYNT,-0.926261319534282
597,2012-12-31,-7.73,VYNT,0.33275862068965534
598,2012-09-30,-5.8,VYNT,0.4043583535108959
599,2012-06-30,-4.13,VYNT,0.28660436137071654
600,2012-03-31,-3.21,VYNT,
604,2021-09-30,9.28,DTIL,-0.7264150943396226
605,2021-06-30,33.92,DTIL,-0.4933532486930545
606,2021-03-31,66.95,DTIL,-1.7244103008006926
607,2020-12-31,-92.42,DTIL,0.18684987800179775
608,2020-09-30,-77.87,DTIL,0.42619047619047623
609,2020-06-30,-54.6,DTIL,1.021473528322843
610,2020-03-31,-27.01,DTIL,-0.7177048494983278
611,2019-12-31,-95.68,DTIL,0.37471264367816115
612,2019-09-30,-69.6,DTIL,0.4004024144869214
613,2019-06-30,-49.7,DTIL,0.9887955182072832
614,2019-03-31,-24.99,DTIL,-0.6213062585240188
615,2018-12-31,-65.99,DTIL,0.527546296296296
616,2018-09-30,-43.2,DTIL,0.693453547628381
617,2018-06-30,-25.51,DTIL,0.692767086927671
618,2018-03-31,-15.07,DTIL,
621,2021-09-30,-6.56,WLDN,0.7400530503978779
622,2021-06-30,-3.77,WLDN,-1.8706697459584296
623,2021-03-31,4.33,WLDN,-0.8968310698117703
624,2020-12-31,41.97,WLDN,0.8311518324607328
625,2020-09-30,22.92,WLDN,-0.12851711026615964
626,2020-06-30,26.3,WLDN,0.8365921787709498
627,2020-03-31,14.32,WLDN,1.8469184890656063
628,2019-12-31,5.03,WLDN,0.8629629629629629
629,2019-09-30,2.7,WLDN,-0.6973094170403586
630,2019-06-30,8.92,WLDN,0.038416763678696064
631,2019-03-31,8.59,WLDN,0.5561594202898552
632,2018-12-31,5.52,WLDN,-0.4931129476584023
633,2018-09-30,10.89,WLDN,2.050420168067227
634,2018-06-30,3.57,WLDN,-1.519650655021834
635,2018-03-31,-6.87,WLDN,-1.7727784026996625
636,2017-12-31,8.89,WLDN,41.333333333333336
637,2017-09-30,0.21,WLDN,-0.962962962962963
638,2017-06-30,5.67,WLDN,-3.8781725888324874
639,2017-03-31,-1.97,WLDN,-1.09874686716792
640,2016-12-31,19.95,WLDN,0.298828125
641,2016-09-30,15.36,WLDN,1.4575999999999998
642,2016-06-30,6.25,WLDN,-4.324468085106384
643,2016-03-31,-1.88,WLDN,-1.3339253996447602
644,2015-12-31,5.63,WLDN,0.3901234567901235
645,2015-09-30,4.05,WLDN,1.6999999999999997
646,2015-06-30,1.5,WLDN,-1.5952380952380953
647,2015-03-31,-2.52,WLDN,-1.2208588957055215
648,2014-12-31,11.41,WLDN,1.033868092691622
649,2014-09-30,5.61,WLDN,0.375
650,2014-06-30,4.08,WLDN,-0.13006396588486147
651,2014-03-31,4.69,WLDN,4.043010752688172
652,2013-12-31,0.93,WLDN,-0.7621483375959079
653,2013-09-30,3.91,WLDN,0.9948979591836735
654,2013-06-30,1.96,WLDN,2.0153846153846153
655,2013-03-31,0.65,WLDN,-0.8502304147465438
656,2012-12-31,4.34,WLDN,0.0
657,2012-09-30,4.34,WLDN,5.112676056338028
658,2012-06-30,0.71,WLDN,-1.7888888888888888
659,2012-03-31,-0.9,WLDN,-0.15094339622641506
660,2011-12-31,-1.06,WLDN,-1.3840579710144927
661,2011-09-30,2.76,WLDN,1.0909090909090908
662,2011-06-30,1.32,WLDN,1.8085106382978728
663,2011-03-31,0.47,WLDN,-1.8545454545454545
664,2010-12-31,-0.55,WLDN,-1.5729166666666667
665,2010-09-30,0.96,WLDN,-1.4948453608247423
666,2010-06-30,-1.94,WLDN,0.3197278911564625
667,2010-03-31,-1.47,WLDN,-1.8305084745762712
668,2009-12-31,1.77,WLDN,0.1132075471698113
669,2009-09-30,1.59,WLDN,0.30327868852459017
670,2009-06-30,1.22,WLDN,-0.22292993630573255
671,2009-03-31,1.57,WLDN,
673,2021-09-30,-25.3,AQST,0.5665634674922602
674,2021-06-30,-16.15,AQST,0.13732394366197176
675,2021-03-31,-14.2,AQST,-0.6911700739451936
676,2020-12-31,-45.98,AQST,0.42662116040955644
677,2020-09-30,-32.23,AQST,0.3496649916247905
678,2020-06-30,-23.88,AQST,0.7342047930283224
679,2020-03-31,-13.77,AQST,-0.7737801872843766
680,2019-12-31,-60.87,AQST,0.21230830511850218
681,2019-09-30,-50.21,AQST,0.42117180866119464
682,2019-06-30,-35.33,AQST,0.9562569213732004
683,2019-03-31,-18.06,AQST,0.21862348178137636
684,2018-12-31,-14.82,AQST,0.2875760208514335
685,2018-09-30,-11.51,AQST,-29.073170731707318
686,2018-06-30,0.41,AQST,-0.2264150943396227
687,2018-03-31,0.53,AQST,-0.9528888888888889
689,2017-09-30,11.25,AQST,-3.8553299492385786
690,2017-06-30,-3.94,AQST,
692,2021-09-30,57.96,EFC,0.3507340946166395
693,2021-06-30,42.91,EFC,3.7519379844961236
694,2021-03-31,9.03,EFC,-0.930129990714949
695,2020-12-31,129.24,EFC,0.4339287695550873
696,2020-09-30,90.13,EFC,0.21665766738660897
697,2020-06-30,74.08,EFC,1.068695895001396
698,2020-03-31,35.81,EFC,-0.6525662171339865
699,2019-12-31,103.07,EFC,0.677025707777416
700,2019-09-30,61.46,EFC,0.405442487994512
701,2019-06-30,43.73,EFC,1.1064547206165698
702,2019-03-31,20.76,EFC,-1.0420089845805172
703,2018-12-31,-494.18,EFC,0.17368483553022207
704,2018-09-30,-421.05,EFC,0.8822924583128438
705,2018-06-30,-223.69,EFC,0.7939690432272035
706,2018-03-31,-124.69,EFC,-0.7306504223100685
707,2017-12-31,-462.93,EFC,2.7281952162358056
708,2017-09-30,-124.17,EFC,0.07711658570437208
709,2017-06-30,-115.28,EFC,0.07137546468401501
710,2017-03-31,-107.6,EFC,-2.5439804850050223
711,2016-12-31,69.69,EFC,-0.5741521539871678
712,2016-09-30,163.65,EFC,0.832997311827957
713,2016-06-30,89.28,EFC,-5.698947368421052
714,2016-03-31,-19.0,EFC,-1.0290408865112723
715,2015-12-31,654.25,EFC,0.6807100470110721
716,2015-09-30,389.27,EFC,0.07186716964506967
717,2015-06-30,363.17,EFC,0.07399083247079719
718,2015-03-31,338.15,EFC,-1.5597027277542372
719,2014-12-31,-604.16,EFC,0.7683594321674228
720,2014-09-30,-341.65,EFC,-8.055968608013217
721,2014-06-30,48.42,EFC,-0.27012360566777205
722,2014-03-31,66.34,EFC,-1.2714624764710698
723,2013-12-31,-244.38,EFC,-0.3385481513560331
724,2013-09-30,-369.46,EFC,0.16394682124629822
725,2013-06-30,-317.42,EFC,10.960060286360212
726,2013-03-31,-26.54,EFC,-0.4836575875486381
727,2012-12-31,-51.4,EFC,-1.2773880194279545
728,2012-09-30,185.3,EFC,11.040285899935023
729,2012-06-30,15.39,EFC,-1.4943784131063285
730,2012-03-31,-31.13,EFC,-0.3439409905163331
731,2011-12-31,-47.45,EFC,-0.26113360323886636
732,2011-09-30,-64.22,EFC,-5.330411328388402
733,2011-06-30,14.83,EFC,-1.1580517958009167
734,2011-03-31,-93.83,EFC,-0.7300244569126744
735,2010-12-31,-347.55,EFC,-3.9049648946840523
736,2010-09-30,119.64,EFC,-0.2399949180536145
737,2010-06-30,157.42,EFC,0.1467074592074591
738,2010-03-31,137.28,EFC,-1.5067926757235677
740,2009-09-30,-270.88,EFC,
742,2021-09-30,,PMT,0.0
743,2021-06-30,,PMT,0.0
744,2021-03-31,,PMT,0.0
745,2020-12-31,715.16,PMT,0.038209163230938925
746,2020-09-30,688.84,PMT,-1.7793365615241887
747,2020-06-30,,PMT,0.0
748,2020-03-31,,PMT,0.0
749,2019-12-31,,PMT,0.0
750,2019-09-30,,PMT,0.0
751,2019-06-30,-883.88,PMT,-6.4627935723114955
752,2019-03-31,161.8,PMT,-1.3409474039109912
753,2018-12-31,-474.56,PMT,-0.3379371922041323
754,2018-09-30,-716.79,PMT,0.35861180083018995
755,2018-06-30,-527.59,PMT,-4.405564162148206
756,2018-03-31,154.92,PMT,-0.6028201512626588
757,2017-12-31,390.05,PMT,-0.0799405576260791
758,2017-09-30,423.94,PMT,0.09040870392757006
759,2017-06-30,388.79,PMT,-0.15224264625716843
760,2017-03-31,458.61,PMT,-2.185467611022075
761,2016-12-31,-386.86,PMT,-0.36714161854438965
762,2016-09-30,-611.29,PMT,13.285814442626782
763,2016-06-30,-42.79,PMT,-2.6886345698500396
764,2016-03-31,25.34,PMT,-1.0407159843177582
765,2015-12-31,-622.36,PMT,0.7709862842183142
766,2015-09-30,-351.42,PMT,-0.488583278760096
767,2015-06-30,,PMT,0.0
768,2015-03-31,-687.15,PMT,2.8334728033472802
769,2014-12-31,-179.25,PMT,-0.30059697998361234
770,2014-09-30,-256.29,PMT,-0.4732720882915099
771,2014-06-30,-486.57,PMT,-4.387191089453532
772,2014-03-31,143.65,PMT,-2.1838635239821986
773,2013-12-31,-121.34,PMT,-0.6367935823754789
774,2013-09-30,-334.08,PMT,-0.11516050429070879
775,2013-06-30,-377.56,PMT,0.676926493448812
776,2013-03-31,-225.15,PMT,-0.6708525817203672
777,2012-12-31,-684.04,PMT,0.24836207683182754
778,2012-09-30,-547.95,PMT,1.84915765391015
779,2012-06-30,-192.32,PMT,-3.3603338242513496
780,2012-03-31,81.48,PMT,-1.3691387668191908
781,2011-12-31,-220.73,PMT,5.196799550814149
782,2011-09-30,-35.62,PMT,1.6365655070318281
783,2011-06-30,-13.51,PMT,-0.053258584442887114
784,2011-03-31,-14.27,PMT,2.08207343412527
785,2010-12-31,-4.63,PMT,-0.7805687203791469
786,2010-09-30,-21.1,PMT,0.6343919442292798
787,2010-06-30,-12.91,PMT,3.7814814814814808
788,2010-03-31,-2.7,PMT,2.802816901408451
790,2009-09-30,-0.71,PMT,
793,2021-09-30,-20.13,RKDA,0.7278969957081545
794,2021-06-30,-11.65,RKDA,1.2447013487475913
795,2021-03-31,-5.19,RKDA,-0.840552995391705
796,2020-12-31,-32.55,RKDA,0.276470588235294
797,2020-09-30,-25.5,RKDA,0.39344262295081966
798,2020-06-30,-18.3,RKDA,0.8208955223880596
799,2020-03-31,-10.05,RKDA,-0.4614147909967845
800,2019-12-31,-18.66,RKDA,0.4287901990811638
801,2019-09-30,-13.06,RKDA,0.49427917620137296
802,2019-06-30,-8.74,RKDA,1.1527093596059115
803,2019-03-31,-4.06,RKDA,-0.7072819033886085
804,2018-12-31,-13.87,RKDA,0.2586206896551724
805,2018-09-30,-11.02,RKDA,0.5787965616045843
806,2018-06-30,-6.98,RKDA,1.643939393939394
807,2018-03-31,-2.64,RKDA,-0.811965811965812
808,2017-12-31,-14.04,RKDA,0.2359154929577465
809,2017-09-30,-11.36,RKDA,0.26644370122630967
810,2017-06-30,-8.97,RKDA,0.9585152838427948
811,2017-03-31,-4.58,RKDA,-0.735106998264893
812,2016-12-31,-17.29,RKDA,0.32999999999999985
813,2016-09-30,-13.0,RKDA,0.43646408839778994
814,2016-06-30,-9.05,RKDA,0.8136272545090182
815,2016-03-31,-4.99,RKDA,-0.6727868852459016
816,2015-12-31,-15.25,RKDA,0.3567615658362988
817,2015-09-30,-11.24,RKDA,0.7004538577912254
818,2015-06-30,-6.61,RKDA,1.5325670498084292
819,2015-03-31,-2.61,RKDA,-0.8250670241286864
820,2014-12-31,-14.92,RKDA,0.22697368421052633
821,2014-09-30,-12.16,RKDA,0.4441805225653206
822,2014-06-30,-8.42,RKDA,2.9530516431924885
823,2014-03-31,-2.13,RKDA,
826,2021-09-30,-13.88,NUWE,0.4860813704496789
827,2021-06-30,-9.34,NUWE,0.7169117647058822
828,2021-03-31,-5.44,NUWE,-0.6769596199524941
829,2020-12-31,-16.84,NUWE,0.25953627524308165
830,2020-09-30,-13.37,NUWE,0.5141562853907133
831,2020-06-30,-8.83,NUWE,0.6025408348457351
832,2020-03-31,-5.51,NUWE,-0.6731909845788849
833,2019-12-31,-16.86,NUWE,0.31718749999999996
834,2019-09-30,-12.8,NUWE,0.41749723145071993
835,2019-06-30,-9.03,NUWE,0.824242424242424
836,2019-03-31,-4.95,NUWE,-0.6646341463414633
837,2018-12-31,-14.76,NUWE,0.2279534109816972
838,2018-09-30,-12.02,NUWE,0.39767441860465125
839,2018-06-30,-8.6,NUWE,0.6895874263261297
840,2018-03-31,-5.09,NUWE,-0.5821018062397373
841,2017-12-31,-12.18,NUWE,0.35634743875278385
842,2017-09-30,-8.98,NUWE,0.56993006993007
843,2017-06-30,-5.72,NUWE,2.5527950310559
844,2017-03-31,-1.61,NUWE,-0.9018890920170628
845,2016-12-31,-16.41,NUWE,0.20043891733723473
846,2016-09-30,-13.67,NUWE,0.490730643402399
847,2016-06-30,-9.17,NUWE,0.6087719298245613
848,2016-03-31,-5.7,NUWE,-0.7542043984476068
849,2015-12-31,-23.19,NUWE,0.2596414991852254
850,2015-09-30,-18.41,NUWE,0.4271317829457364
851,2015-06-30,-12.9,NUWE,0.8016759776536313
852,2015-03-31,-7.16,NUWE,-0.688695652173913
853,2014-12-31,-23.0,NUWE,0.3097949886104785
854,2014-09-30,-17.56,NUWE,0.4584717607973421
855,2014-06-30,-12.04,NUWE,0.789004457652303
856,2014-03-31,-6.73,NUWE,-0.6189127972819932
857,2013-12-31,-17.66,NUWE,0.49155405405405417
858,2013-09-30,-11.84,NUWE,0.5599472990777339
859,2013-06-30,-7.59,NUWE,0.8422330097087378
860,2013-03-31,-4.12,NUWE,-0.6888217522658611
861,2012-12-31,-13.24,NUWE,0.3510204081632653
862,2012-09-30,-9.8,NUWE,0.4161849710982659
863,2012-06-30,-6.92,NUWE,0.4238683127572016
864,2012-03-31,-4.86,NUWE,-0.6407982261640798
865,2011-12-31,-13.53,NUWE,0.39628482972136214
866,2011-09-30,-9.69,NUWE,0.5479233226837061
867,2011-06-30,-6.26,NUWE,1.2277580071174374
868,2011-03-31,-2.81,NUWE,
871,2021-12-31,3.49,IROQ,22.26666666666667
872,2021-09-30,0.15,IROQ,-0.9772382397572079
873,2021-06-30,6.59,IROQ,0.48089887640449436
874,2021-03-31,4.45,IROQ,0.9181034482758623
875,2020-12-31,2.32,IROQ,1.0350877192982457
876,2020-09-30,1.14,IROQ,-0.8308605341246291
877,2020-06-30,6.74,IROQ,0.446351931330472
878,2020-03-31,4.66,IROQ,0.3390804597701149
879,2019-12-31,3.48,IROQ,0.9550561797752808
880,2019-09-30,1.78,IROQ,-0.6204690831556503
881,2019-06-30,4.69,IROQ,0.6456140350877193
882,2019-03-31,2.85,IROQ,0.5833333333333333
883,2018-12-31,1.8,IROQ,-4.829787234042554
884,2018-09-30,-0.47,IROQ,22.499999999999996
885,2018-06-30,-0.02,IROQ,-0.9914163090128756
886,2018-03-31,-2.33,IROQ,-0.07905138339920936
887,2017-12-31,-2.53,IROQ,-0.20189274447949535
888,2017-09-30,-3.17,IROQ,-1.710762331838565
889,2017-06-30,4.46,IROQ,0.02764976958525356
890,2017-03-31,4.34,IROQ,0.8235294117647058
891,2016-12-31,2.38,IROQ,0.5454545454545454
892,2016-09-30,1.54,IROQ,-0.6986301369863014
893,2016-06-30,5.11,IROQ,0.21377672209026133
894,2016-03-31,4.21,IROQ,0.8304347826086957
895,2015-12-31,2.3,IROQ,0.3529411764705881
896,2015-09-30,1.7,IROQ,-0.6749521988527725
897,2015-06-30,5.23,IROQ,0.351421188630491
898,2015-03-31,3.87,IROQ,0.751131221719457
899,2014-12-31,2.21,IROQ,0.9385964912280702
900,2014-09-30,1.14,IROQ,-0.7828571428571429
901,2014-06-30,5.25,IROQ,0.4747191011235954
902,2014-03-31,3.56,IROQ,0.47107438016528924
903,2013-12-31,2.42,IROQ,0.7536231884057971
904,2013-09-30,1.38,IROQ,-0.7570422535211268
905,2013-06-30,5.68,IROQ,0.6608187134502923
906,2013-03-31,3.42,IROQ,0.6132075471698113
907,2012-12-31,2.12,IROQ,1.12
908,2012-09-30,1.0,IROQ,-0.8165137614678899
909,2012-06-30,5.45,IROQ,0.5889212827988337
910,2012-03-31,3.43,IROQ,0.2943396226415096
911,2011-12-31,2.65,IROQ,2.3974358974358974
912,2011-09-30,0.78,IROQ,-0.8378378378378378
913,2011-06-30,4.81,IROQ,0.7427536231884058
914,2011-03-31,2.76,IROQ,0.541899441340782
915,2010-12-31,1.79,IROQ,2.196428571428571
916,2010-09-30,0.56,IROQ,-0.29999999999999993
918,2010-03-31,0.8,IROQ,
920,2021-09-30,-3.25,FPI,-1.5898366606170597
921,2021-06-30,5.51,FPI,-0.8487095002745744
922,2021-03-31,36.42,FPI,-0.005733005733005725
923,2020-12-31,36.63,FPI,0.771276595744681
924,2020-09-30,20.68,FPI,0.38420348058902287
925,2020-06-30,14.94,FPI,0.25651808242220353
926,2020-03-31,11.89,FPI,-0.7306908267270669
927,2019-12-31,44.15,FPI,0.22502774694783567
928,2019-09-30,36.04,FPI,-0.14312886352829302
929,2019-06-30,42.06,FPI,1.5693341478313987
930,2019-03-31,16.37,FPI,1.7466442953020138
931,2018-12-31,5.96,FPI,9.456140350877194
932,2018-09-30,0.57,FPI,-1.0289487049263586
933,2018-06-30,-19.69,FPI,0.15823529411764703
934,2018-03-31,-17.0,FPI,-0.9250473964992725
935,2017-12-31,-226.81,FPI,0.9942847093994549
936,2017-09-30,-113.73,FPI,0.08666157080068793
937,2017-06-30,-104.66,FPI,0.22009792492422475
938,2017-03-31,-85.78,FPI,-0.3521637338569594
939,2016-12-31,-132.41,FPI,0.06963405767832609
940,2016-09-30,-123.79,FPI,0.18675103058191933
941,2016-06-30,-104.31,FPI,0.18386108273748736
942,2016-03-31,-88.11,FPI,-0.19305797234178956
943,2015-12-31,-109.19,FPI,0.13033126293995867
944,2015-09-30,-96.6,FPI,0.2038883349950149
945,2015-06-30,-80.24,FPI,8.67913148371532
946,2015-03-31,-8.29,FPI,-0.9334190024897598
947,2014-12-31,-124.51,FPI,2.5301956336830167
948,2014-09-30,-35.27,FPI,0.1655651024454725
949,2014-06-30,-30.26,FPI,215.14285714285714
950,2014-03-31,-0.14,FPI,-8.0
951,2013-12-31,0.02,FPI,-1.0108108108108107
952,2013-09-30,-1.85,FPI,0.29370629370629375
953,2013-06-30,-1.43,FPI,7.9375
954,2013-03-31,-0.16,FPI,
957,2021-09-30,534.0,NAVI,0.6036036036036037
958,2021-06-30,333.0,NAVI,0.8603351955307263
959,2021-03-31,179.0,NAVI,-0.8186423505572442
960,2020-12-31,987.0,NAVI,0.2095588235294117
961,2020-09-30,816.0,NAVI,0.37142857142857144
962,2020-06-30,595.0,NAVI,0.3134657836644592
963,2020-03-31,453.0,NAVI,-0.4548736462093863
964,2019-12-31,,NAVI,0.0
965,2019-09-30,831.0,NAVI,0.5919540229885059
966,2019-06-30,522.0,NAVI,1.7765957446808511
967,2019-03-31,188.0,NAVI,-0.7129770992366412
968,2018-12-31,,NAVI,0.0
969,2018-09-30,655.0,NAVI,0.3589211618257262
970,2018-06-30,482.0,NAVI,0.6971830985915493
971,2018-03-31,284.0,NAVI,-0.6892778993435449
972,2017-12-31,,NAVI,0.0
973,2017-09-30,914.0,NAVI,0.45079365079365075
974,2017-06-30,630.0,NAVI,0.7647058823529411
975,2017-03-31,357.0,NAVI,-0.5369649805447471
976,2016-12-31,,NAVI,0.0
977,2016-09-30,,NAVI,0.0
978,2016-06-30,771.0,NAVI,1.2543859649122808
979,2016-03-31,342.0,NAVI,-0.31462925851703405
980,2015-12-31,,NAVI,0.0
981,2015-09-30,,NAVI,0.0
982,2015-06-30,,NAVI,0.0
983,2015-03-31,499.0,NAVI,-0.10573476702508966
984,2014-12-31,,NAVI,0.0
985,2014-09-30,,NAVI,0.0
986,2014-06-30,,NAVI,0.0
987,2014-03-31,558.0,NAVI,-0.41509433962264153
988,2013-12-31,,NAVI,0.0
989,2013-09-30,,NAVI,0.0
990,2013-06-30,954.0,NAVI,0.8034026465028354
991,2013-03-31,529.0,NAVI,
995,2021-10-31,-92.75,GMS,0.13664215686274517
996,2021-07-31,-81.6,GMS,-1.649216325881136
997,2021-04-30,125.69,GMS,1.4231733179101602
998,2021-01-31,51.87,GMS,3.014705882352941
999,2020-10-31,12.92,GMS,-1.642466434609647
1000,2020-07-31,-20.11,GMS,-1.0717906611452235
1001,2020-04-30,280.12,GMS,1.419416134047331
1002,2020-01-31,115.78,GMS,1.0546583850931674
1003,2019-10-31,56.35,GMS,-4.113259668508287
1004,2019-07-31,-18.1,GMS,-1.1028292239518236
1005,2019-04-30,176.02,GMS,0.8935025817555939
1006,2019-01-31,92.96,GMS,1.5029617662897143
1007,2018-10-31,37.14,GMS,-1.723271665043817
1008,2018-07-31,-51.35,GMS,-1.729507032248899
1009,2018-04-30,70.39,GMS,0.2717253839205058
1010,2018-01-31,55.35,GMS,1.1705882352941175
1011,2017-10-31,25.5,GMS,4.743243243243243
1012,2017-07-31,4.44,GMS,-0.9270096991615979
1013,2017-04-30,60.83,GMS,0.8608137044967881
1014,2017-01-31,32.69,GMS,-11.86046511627907
1015,2016-10-31,-3.01,GMS,-0.9070700833590615
1016,2016-07-31,-32.39,GMS,-1.649228302264983
1017,2016-04-30,49.89,GMS,1.4136429608127719
1018,2016-01-31,20.67,GMS,17.96330275229358
1019,2015-10-31,1.09,GMS,-1.0560411311053985
1020,2015-07-31,-19.45,GMS,
1025,2021-09-30,-0.63,RETC,0.4651162790697674
1026,2021-06-30,-0.43,RETC,0.5925925925925926
1027,2021-03-31,-0.27,RETC,-0.5573770491803278
1028,2020-12-31,-0.61,RETC,0.5641025641025641
1029,2020-09-30,-0.39,RETC,0.8571428571428572
1030,2020-06-30,-0.21,RETC,-3.9999999999999996
1031,2020-03-31,0.07,RETC,
1035,2021-09-30,-0.74,WORX,0.5416666666666667
1036,2021-06-30,-0.48,WORX,0.11627906976744184
1037,2021-03-31,-0.43,WORX,-0.5520833333333333
1038,2020-12-31,-0.96,WORX,-0.16521739130434776
1039,2020-09-30,-1.15,WORX,0.1499999999999999
1040,2020-06-30,-1.0,WORX,2.4482758620689657
1041,2020-03-31,-0.29,WORX,-0.9395833333333333
1042,2019-12-31,-4.8,WORX,0.10091743119266039
1043,2019-09-30,-4.36,WORX,0.07389162561576379
1044,2019-06-30,-4.06,WORX,0.5675675675675675
1045,2019-03-31,-2.59,WORX,9.791666666666666
1046,2018-12-31,-0.24,WORX,-1.5853658536585367
1047,2018-09-30,0.41,WORX,-0.359375
1048,2018-06-30,0.64,WORX,63.0
1049,2018-03-31,0.01,WORX,-1.0017152658662092
1050,2017-12-31,-5.83,WORX,0.27292576419213965
1051,2017-09-30,-4.58,WORX,0.4585987261146496
1052,2017-06-30,-3.14,WORX,1.378787878787879
1053,2017-03-31,-1.32,WORX,-0.380281690140845
1054,2016-12-31,-2.13,WORX,1.4767441860465116
1055,2016-09-30,-0.86,WORX,2.44
1056,2016-06-30,-0.25,WORX,1.0833333333333335
1057,2016-03-31,-0.12,WORX,-0.4
1059,2015-09-30,-0.2,WORX,
1061,2021-09-30,-46.54,SURF,0.49023374959974375
1062,2021-06-30,-31.23,SURF,0.6471518987341771
1063,2021-03-31,-18.96,SURF,-1.6330550918196995
1064,2020-12-31,29.95,SURF,-1.7075360264587762
1065,2020-09-30,-42.33,SURF,0.3199251637043965
1066,2020-06-30,-32.07,SURF,1.055769230769231
1067,2020-03-31,-15.6,SURF,-0.7470817120622568
1068,2019-12-31,-61.68,SURF,0.2794026135656502
1069,2019-09-30,-48.21,SURF,0.43695976154992566
1070,2019-06-30,-33.55,SURF,0.749217935349322
1071,2019-03-31,-19.18,SURF,0.2585301837270342
1072,2018-12-31,-15.24,SURF,83.66666666666667
1073,2018-09-30,-0.18,SURF,-1.0146818923327896
1074,2018-06-30,12.26,SURF,-0.5984277759580741
1075,2018-03-31,30.53,SURF,-3.1216122307157748
1076,2017-12-31,-14.39,SURF,-23.138461538461538
1077,2017-09-30,0.65,SURF,-0.9360865290068829
1078,2017-06-30,10.17,SURF,-3.2205240174672487
1079,2017-03-31,-4.58,SURF,
1082,2021-09-30,-36.7,BXRX,0.520928305014505
1083,2021-06-30,-24.13,BXRX,0.713778409090909
1084,2021-03-31,-14.08,BXRX,-0.6850111856823267
1085,2020-12-31,-44.7,BXRX,0.5035317860746722
1086,2020-09-30,-29.73,BXRX,0.6872871736662882
1087,2020-06-30,-17.62,BXRX,1.792393026941363
1088,2020-03-31,-6.31,BXRX,-0.8557384545038866
1090,2019-09-30,-43.74,BXRX,
1092,2021-09-30,-7.83,LUCD,0.9822784810126581
1094,2020-09-30,-3.95,LUCD,
1096,2021-09-30,-165.7,QS,0.6892649607503312
1097,2021-06-30,-98.09,QS,1.826801152737752
1098,2021-03-31,-34.7,QS,-0.5934864104967197
1099,2020-12-31,-85.36,QS,0.777222569227566
1100,2020-09-30,-48.03,QS,0.5061147695202257
1101,2020-06-30,-31.89,QS,0.9421437271619975
1102,2020-03-31,-16.42,QS,
1105,2021-09-30,-23.97,RBOT,26.872093023255815
1106,2021-06-30,-0.86,RBOT,11.285714285714285
1107,2021-03-31,-0.07,RBOT,-0.9915764139590855
1109,2020-09-30,-8.31,RBOT,
1115,2021-09-30,-0.48,RCHG,0.4117647058823528
1116,2021-06-30,-0.34,RCHG,0.5454545454545456
1117,2021-03-31,-0.22,RCHG,6.333333333333334
1119,2020-09-30,-0.03,RCHG,
1121,2021-09-30,-0.99,PV,0.19277108433734935
1122,2021-06-30,-0.83,PV,-0.011904761904761862
1123,2021-03-31,-0.84,PV,
1127,2021-09-30,-0.73,LFTR,0.6222222222222222
1128,2021-06-30,-0.45,LFTR,3.5
1129,2021-03-31,-0.1,LFTR,-inf
1131,2020-09-30,0.0,LFTR,
1133,2021-09-30,-3.89,CTKB,0.04010695187165769
1134,2021-06-30,-3.74,CTKB,-2.7235023041474653
1136,2020-09-30,2.17,CTKB,3.822222222222222
1137,2020-06-30,0.45,CTKB,
1139,2021-12-31,-0.31,NSTC,1.5833333333333335
1141,2021-06-30,-0.12,NSTC,-inf
1142,2021-03-31,0.0,NSTC,
1145,2021-09-30,-1.1,FMIV,0.25
1146,2021-06-30,-0.88,FMIV,-9.799999999999999
1147,2021-03-31,0.1,FMIV,
1160,2021-09-30,5.03,CTO,-1.0818285342443468
1161,2021-06-30,-61.47,CTO,1.1891025641025643
1162,2021-03-31,-28.08,CTO,-0.5697211155378487
1163,2020-12-31,-65.26,CTO,-0.3717146433041302
1164,2020-09-30,-103.87,CTO,0.1418049906562604
1165,2020-06-30,-90.97,CTO,-0.32203010880906247
1166,2020-03-31,-134.18,CTO,-2.831558831558832
1167,2019-12-31,73.26,CTO,2.3682758620689657
1168,2019-09-30,21.75,CTO,-0.5611380145278451
1169,2019-06-30,49.56,CTO,0.7681056011416341
1170,2019-03-31,28.03,CTO,-1.5077898550724638
1171,2018-12-31,-55.2,CTO,-4.493670886075949
1172,2018-09-30,15.8,CTO,0.6475495307612098
1173,2018-06-30,9.59,CTO,-2.148502994011976
1174,2018-03-31,-8.35,CTO,-0.7748112189859763
1175,2017-12-31,-37.08,CTO,59.78688524590164
1176,2017-09-30,-0.61,CTO,-0.5413533834586466
1177,2017-06-30,-1.33,CTO,-1.2250423011844331
1178,2017-03-31,5.91,CTO,-1.174490699734278
1179,2016-12-31,-33.87,CTO,3.4565789473684205
1180,2016-09-30,-7.6,CTO,-1.553935860058309
1181,2016-06-30,13.72,CTO,-4.482233502538071
1182,2016-03-31,-3.94,CTO,-0.8887634105025409
1183,2015-12-31,-35.42,CTO,0.6676082862523542
1184,2015-09-30,-21.24,CTO,12.443037974683543
1185,2015-06-30,-1.58,CTO,2.7619047619047623
1186,2015-03-31,-0.42,CTO,-0.9847936278059377
1187,2014-12-31,-27.62,CTO,1.5574074074074074
1188,2014-09-30,-10.8,CTO,-0.2697768762677484
1189,2014-06-30,-14.79,CTO,14.24742268041237
1190,2014-03-31,-0.97,CTO,-0.6433823529411765
1191,2013-12-31,-2.72,CTO,-0.8471910112359551
1192,2013-09-30,-17.8,CTO,0.3293502613890964
1193,2013-06-30,-13.39,CTO,-0.21604215456674458
1194,2013-03-31,-17.08,CTO,0.2978723404255317
1195,2012-12-31,-13.16,CTO,-5.2727272727272725
1196,2012-09-30,3.08,CTO,-0.04049844236760125
1197,2012-06-30,3.21,CTO,3.52112676056338
1198,2012-03-31,0.71,CTO,-1.330232558139535
1199,2011-12-31,-2.15,CTO,1.2395833333333335
1200,2011-09-30,-0.96,CTO,-0.42168674698795183
1201,2011-06-30,-1.66,CTO,1.8135593220338984
1202,2011-03-31,-0.59,CTO,-0.6666666666666667
1203,2010-12-31,-1.77,CTO,-3.107142857142857
1204,2010-09-30,0.84,CTO,4.6
1205,2010-06-30,0.15,CTO,-1.75
1206,2010-03-31,-0.2,CTO,-0.946236559139785
1207,2009-12-31,-3.72,CTO,2.444444444444444
1208,2009-09-30,-1.08,CTO,-0.5263157894736841
1209,2009-06-30,-2.28,CTO,0.0
1210,2009-03-31,-2.28,CTO,
1212,2021-12-31,,CSX,0.0
1213,2021-09-30,,CSX,0.0
1214,2021-06-30,,CSX,0.0
1215,2021-03-31,926.0,CSX,0.11298076923076916
1216,2020-12-31,,CSX,0.0
1217,2020-09-30,,CSX,0.0
1218,2020-06-30,,CSX,0.0
1219,2020-03-31,832.0,CSX,-0.04147465437788023
1220,2019-12-31,,CSX,0.0
1221,2019-09-30,,CSX,0.0
1222,2019-06-30,,CSX,0.0
1223,2019-03-31,868.0,CSX,0.3353846153846154
1224,2018-12-31,,CSX,0.0
1225,2018-09-30,,CSX,0.0
1226,2018-06-30,,CSX,0.0
1227,2018-03-31,650.0,CSX,0.03668261562998398
1228,2017-12-31,,CSX,0.0
1229,2017-09-30,,CSX,0.0
1230,2017-06-30,627.0,CSX,0.019512195121951237
1231,2017-03-31,615.0,CSX,-0.266109785202864
1232,2016-12-31,838.0,CSX,-0.06681514476614703
1233,2016-09-30,898.0,CSX,0.7072243346007605
1234,2016-06-30,526.0,CSX,0.5987841945288754
1235,2016-03-31,329.0,CSX,-0.6554973821989529
1236,2015-12-31,955.0,CSX,0.4714946070878274
1237,2015-09-30,649.0,CSX,0.903225806451613
1238,2015-06-30,341.0,CSX,2.7065217391304346
1239,2015-03-31,92.0,CSX,-0.9037656903765691
1240,2014-12-31,956.0,CSX,0.1920199501246882
1241,2014-09-30,802.0,CSX,0.5247148288973384
1242,2014-06-30,526.0,CSX,3.241935483870968
1243,2014-03-31,124.0,CSX,-0.8472906403940886
1244,2013-12-31,,CSX,0.0
1245,2013-09-30,812.0,CSX,0.6437246963562753
1246,2013-06-30,494.0,CSX,1.0583333333333331
1247,2013-03-31,240.0,CSX,-0.6965865992414665
1248,2012-12-31,791.0,CSX,0.6687763713080168
1249,2012-09-30,474.0,CSX,5.970588235294118
1250,2012-06-30,68.0,CSX,-3.72
1251,2012-03-31,-25.0,CSX,-1.0390625
1252,2011-12-31,,CSX,0.0
1253,2011-09-30,,CSX,0.0
1254,2011-06-30,640.0,CSX,4.517241379310345
1255,2011-03-31,116.0,CSX,-0.8421768707482993
1256,2010-12-31,,CSX,0.0
1257,2010-09-30,,CSX,0.0
1258,2010-06-30,735.0,CSX,0.7668269230769231
1259,2010-03-31,416.0,CSX,-0.3677811550151976
1260,2009-12-31,658.0,CSX,0.1792114695340501
1261,2009-09-30,558.0,CSX,0.7770700636942676
1262,2009-06-30,314.0,CSX,1.2428571428571429
1263,2009-03-31,140.0,CSX,
1265,2021-09-30,-41.2,VAL,-0.210727969348659
1266,2021-06-30,-52.2,VAL,0.5352941176470589
1267,2021-03-31,-34.0,VAL,-0.8842356145726932
1268,2020-12-31,-293.7,VAL,-0.32498276258331427
1269,2020-09-30,-435.1,VAL,0.0016114180478823403
1270,2020-06-30,-434.4,VAL,0.8862353452019103
1271,2020-03-31,-230.3,VAL,-0.5263266145619087
1272,2019-12-31,-486.2,VAL,-0.1853217158176943
1273,2019-09-30,-596.8,VAL,0.4085437809771064
1274,2019-06-30,-423.7,VAL,6.979284369114877
1275,2019-03-31,-53.1,VAL,
1278,2021-09-30,135.46,CVBF,0.9473835537665325
1279,2021-06-30,69.56,CVBF,0.4665823318574742
1280,2021-03-31,47.43,CVBF,-0.7401950043821209
1281,2020-12-31,182.56,CVBF,0.3256844092658484
1282,2020-09-30,137.71,CVBF,0.44153669004501217
1283,2020-06-30,95.53,CVBF,0.2797052913596785
1284,2020-03-31,74.65,CVBF,-0.6418289991363593
1285,2019-12-31,208.42,CVBF,0.3909503470368392
1286,2019-09-30,149.84,CVBF,0.7533348935174353
1287,2019-06-30,85.46,CVBF,0.46135430916552655
1288,2019-03-31,58.48,CVBF,-0.6362279173923862
1289,2018-12-31,160.76,CVBF,0.4216483905199857
1290,2018-09-30,113.08,CVBF,0.6852459016393444
1291,2018-06-30,67.1,CVBF,0.25773195876288635
1292,2018-03-31,53.35,CVBF,-0.6120846360794008
1293,2017-12-31,137.53,CVBF,0.2834079880552445
1294,2017-09-30,107.16,CVBF,0.7272727272727273
1295,2017-06-30,62.04,CVBF,0.10489759572573476
1296,2017-03-31,56.15,CVBF,-0.4983023588277341
1297,2016-12-31,111.92,CVBF,0.16741420673829133
1298,2016-09-30,95.87,CVBF,0.69501414427157
1299,2016-06-30,56.56,CVBF,0.8593030900723209
1300,2016-03-31,30.42,CVBF,-0.7094555873925501
1301,2015-12-31,104.7,CVBF,0.2446504992867331
1302,2015-09-30,84.12,CVBF,0.7111472742066722
1303,2015-06-30,49.16,CVBF,0.7582260371959941
1304,2015-03-31,27.96,CVBF,-0.6766508615704869
1305,2014-12-31,86.47,CVBF,0.3266339367904263
1306,2014-09-30,65.18,CVBF,1.0394242803504383
1307,2014-06-30,31.96,CVBF,0.11553228621291467
1308,2014-03-31,28.65,CVBF,-0.7381648693109121
1309,2013-12-31,109.42,CVBF,0.547009755407889
1310,2013-09-30,70.73,CVBF,0.3699399573891149
1311,2013-06-30,51.63,CVBF,6.101788170563962
1312,2013-03-31,7.27,CVBF,-0.9517007706617061
1313,2012-12-31,150.52,CVBF,0.345129579982127
1314,2012-09-30,111.9,CVBF,0.3716597205197354
1315,2012-06-30,81.58,CVBF,1.4093325457767278
1316,2012-03-31,33.86,CVBF,-0.7365595580798256
1317,2011-12-31,128.53,CVBF,0.3486883525708291
1318,2011-09-30,95.3,CVBF,1.3063891577928364
1319,2011-06-30,41.32,CVBF,0.5118916941090379
1320,2011-03-31,27.33,CVBF,-0.7164643635231871
1321,2010-12-31,96.39,CVBF,0.5215469613259669
1322,2010-09-30,63.35,CVBF,0.05548150616461167
1323,2010-06-30,60.02,CVBF,0.4952665670154459
1324,2010-03-31,40.14,CVBF,-0.3613365155131265
1325,2009-12-31,62.85,CVBF,-0.05275056518462684
1326,2009-09-30,66.35,CVBF,0.6956299514439046
1327,2009-06-30,39.13,CVBF,0.18827816580625578
1328,2009-03-31,32.93,CVBF,
1330,2021-09-30,16.0,HWM,-5.0
1331,2021-06-30,-4.0,HWM,-0.9344262295081968
1332,2021-03-31,-61.0,HWM,-0.5763888888888888
1333,2020-12-31,-144.0,HWM,-0.4193548387096774
1334,2020-09-30,-248.0,HWM,0.004048582995951344
1335,2020-06-30,-247.0,HWM,0.004065040650406582
1336,2020-03-31,-246.0,HWM,2.1948051948051948
1337,2019-12-31,-77.0,HWM,-0.8422131147540983
1338,2019-09-30,-488.0,HWM,0.07017543859649122
1339,2019-06-30,-456.0,HWM,0.08056872037914697
1340,2019-03-31,-422.0,HWM,0.743801652892562
1341,2018-12-31,-242.0,HWM,-0.65379113018598
1342,2018-09-30,-699.0,HWM,0.28729281767955794
1343,2018-06-30,-543.0,HWM,-0.018083182640144635
1344,2018-03-31,-553.0,HWM,-0.14130434782608692
1345,2017-12-31,-644.0,HWM,-0.13207547169811318
1346,2017-09-30,-742.0,HWM,0.3393501805054151
1347,2017-06-30,-554.0,HWM,0.09055118110236227
1348,2017-03-31,-508.0,HWM,0.5029585798816567
1349,2016-12-31,-338.0,HWM,-5.3896103896103895
1350,2016-09-30,77.0,HWM,-2.0
1351,2016-06-30,-77.0,HWM,-0.8322440087145969
1352,2016-03-31,-459.0,HWM,-1.8929961089494163
1353,2015-12-31,514.0,HWM,9.936170212765957
1354,2015-09-30,47.0,HWM,-1.2974683544303798
1355,2015-06-30,-158.0,HWM,-0.6325581395348837
1356,2015-03-31,-430.0,HWM,-1.6073446327683616
1357,2014-12-31,708.0,HWM,-2.340909090909091
1358,2014-09-30,-528.0,HWM,0.05811623246492981
1359,2014-06-30,-499.0,HWM,-0.34342105263157896
1360,2014-03-31,-760.0,HWM,-2.909547738693467
1361,2013-12-31,398.0,HWM,-4.522123893805309
1362,2013-09-30,-113.0,HWM,0.46753246753246747
1363,2013-06-30,-77.0,HWM,-0.7475409836065574
1364,2013-03-31,-305.0,HWM,-2.2923728813559325
1365,2012-12-31,236.0,HWM,-1.7892976588628762
1366,2012-09-30,-299.0,HWM,0.1499999999999999
1367,2012-06-30,-260.0,HWM,-0.4861660079051383
1368,2012-03-31,-506.0,HWM,-1.5584988962472406
1369,2011-12-31,906.0,HWM,2.624
1370,2011-09-30,250.0,HWM,1.9069767441860463
1371,2011-06-30,86.0,HWM,-1.1954545454545455
1372,2011-03-31,-440.0,HWM,-2.825726141078838
1373,2010-12-31,,HWM,0.0
1374,2010-09-30,241.0,HWM,2.707692307692308
1375,2010-06-30,65.0,HWM,-3.9545454545454546
1376,2010-03-31,-22.0,HWM,-0.914396887159533
1377,2009-12-31,-257.0,HWM,-0.6911057692307692
1378,2009-09-30,,HWM,0.0
1379,2009-06-30,-832.0,HWM,0.12129380053908356
1380,2009-03-31,-742.0,HWM,
1382,2021-09-30,-4.56,GOVX,0.5724137931034481
1383,2021-06-30,-2.9,GOVX,0.7901234567901232
1384,2021-03-31,-1.62,GOVX,-0.44329896907216493
1385,2020-12-31,-2.91,GOVX,1.4049586776859506
1386,2020-09-30,-1.21,GOVX,0.30107526881720426
1387,2020-06-30,-0.93,GOVX,1.5833333333333335
1388,2020-03-31,-0.36,GOVX,-0.7446808510638299
1389,2019-12-31,-1.41,GOVX,0.2589285714285712
1390,2019-09-30,-1.12,GOVX,0.4358974358974359
1391,2019-06-30,-0.78,GOVX,1.4375
1392,2019-03-31,-0.32,GOVX,-0.7922077922077922
1393,2018-12-31,-1.54,GOVX,0.48076923076923084
1394,2018-09-30,-1.04,GOVX,0.368421052631579
1395,2018-06-30,-0.76,GOVX,1.0
1396,2018-03-31,-0.38,GOVX,-0.7751479289940828
1397,2017-12-31,-1.69,GOVX,0.3629032258064515
1398,2017-09-30,-1.24,GOVX,0.6103896103896103
1399,2017-06-30,-0.77,GOVX,1.2647058823529411
1400,2017-03-31,-0.34,GOVX,-0.8256410256410256
1401,2016-12-31,-1.95,GOVX,0.23417721518987333
1402,2016-09-30,-1.58,GOVX,0.3504273504273505
1403,2016-06-30,-1.17,GOVX,0.857142857142857
1404,2016-03-31,-0.63,GOVX,-0.7683823529411765
1405,2015-12-31,-2.72,GOVX,0.38775510204081653
1406,2015-09-30,-1.96,GOVX,0.49618320610687006
1407,2015-06-30,-1.31,GOVX,1.046875
1408,2015-03-31,-0.64,GOVX,-0.7205240174672489
1409,2014-12-31,-2.29,GOVX,0.38787878787878793
1410,2014-09-30,-1.65,GOVX,0.44736842105263164
1411,2014-06-30,-1.14,GOVX,1.2799999999999998
1412,2014-03-31,-0.5,GOVX,-0.7191011235955056
1413,2013-12-31,-1.78,GOVX,0.8541666666666667
1414,2013-09-30,-0.96,GOVX,0.19999999999999996
1415,2013-06-30,-0.8,GOVX,1.285714285714286
1416,2013-03-31,-0.35,GOVX,-0.8565573770491803
1417,2012-12-31,-2.44,GOVX,0.29100529100529093
1418,2012-09-30,-1.89,GOVX,0.13855421686746983
1419,2012-06-30,-1.66,GOVX,0.33870967741935476
1420,2012-03-31,-1.24,GOVX,2.875
1421,2011-12-31,-0.32,GOVX,-0.37254901960784315
1422,2011-09-30,-0.51,GOVX,0.24390243902439024
1423,2011-06-30,-0.41,GOVX,-0.2407407407407408
1424,2011-03-31,-0.54,GOVX,-0.7786885245901639
1425,2010-12-31,-2.44,GOVX,0.33333333333333326
1426,2010-09-30,-1.83,GOVX,0.33576642335766427
1427,2010-06-30,-1.37,GOVX,1.5370370370370372
1428,2010-03-31,-0.54,GOVX,-0.6823529411764706
1429,2009-12-31,-1.7,GOVX,0.28787878787878785
1430,2009-09-30,-1.32,GOVX,0.10000000000000009
1431,2009-06-30,-1.2,GOVX,1.6086956521739126
1432,2009-03-31,-0.46,GOVX,
1434,2021-09-30,-0.01,SDON,0.0
1435,2021-06-30,-0.01,SDON,-0.75
1437,2020-12-31,-0.04,SDON,1.0
1438,2020-09-30,-0.02,SDON,0.0
1439,2020-06-30,-0.02,SDON,1.0
1440,2020-03-31,-0.01,SDON,-0.5
1441,2019-12-31,-0.02,SDON,0.0
1442,2019-09-30,-0.02,SDON,-0.9986329460013671
1443,2019-06-30,-14.63,SDON,1462.0
1444,2019-03-31,-0.01,SDON,-0.5
1445,2018-12-31,-0.02,SDON,1.0
1446,2018-09-30,-0.01,SDON,0.0
1447,2018-06-30,-0.01,SDON,0.0
1448,2018-03-31,-0.01,SDON,-0.5
1449,2017-12-31,-0.02,SDON,0.0
1450,2017-09-30,-0.02,SDON,0.0
1451,2017-06-30,-0.02,SDON,1.0
1452,2017-03-31,-0.01,SDON,-0.5
1453,2016-12-31,-0.02,SDON,0.0
1454,2016-09-30,-0.02,SDON,1.0
1455,2016-06-30,-0.01,SDON,0.0
1456,2016-03-31,-0.01,SDON,-0.5
1457,2015-12-31,-0.02,SDON,0.0
1458,2015-09-30,-0.02,SDON,1.0
1459,2015-06-30,-0.01,SDON,0.0
1460,2015-03-31,-0.01,SDON,-0.5
1461,2014-12-31,-0.02,SDON,0.0
1462,2014-09-30,-0.02,SDON,0.0
1463,2014-06-30,-0.02,SDON,0.0
1464,2014-03-31,-0.02,SDON,1.0
1465,2013-12-31,-0.01,SDON,inf
1466,2013-09-30,-0.0,SDON,
1467,2013-06-30,-0.0,SDON,
1468,2013-03-31,0.0,SDON,-1.0
1469,2012-12-31,-0.02,SDON,0.0
1470,2012-09-30,-0.02,SDON,inf
1471,2012-06-30,-0.0,SDON,
1472,2012-03-31,-0.0,SDON,-1.0
1473,2011-12-31,-0.01,SDON,0.0
1474,2011-09-30,-0.01,SDON,0.0
1475,2011-06-30,-0.01,SDON,inf
1476,2011-03-31,-0.0,SDON,-1.0
1477,2010-12-31,-0.02,SDON,1.0
1478,2010-09-30,-0.01,SDON,0.0
1479,2010-06-30,-0.01,SDON,inf
1480,2010-03-31,-0.0,SDON,-1.0
1481,2009-12-31,-0.02,SDON,1.0
1482,2009-09-30,-0.01,SDON,0.0
1483,2009-06-30,-0.01,SDON,inf
1484,2009-03-31,-0.0,SDON,
1486,2021-09-30,-677.44,SUI,0.7811900191938581
1487,2021-06-30,-380.33,SUI,5.856499008473048
1488,2021-03-31,-55.47,SUI,-0.6144703919933278
1489,2020-12-31,,SUI,0.0
1490,2020-09-30,-143.88,SUI,5.822190611664296
1491,2020-06-30,-21.09,SUI,-0.19102416570771008
1492,2020-03-31,-26.07,SUI,-0.9482604640085737
1493,2019-12-31,-503.87,SUI,0.3453394921635118
1494,2019-09-30,-374.53,SUI,0.3258168430740911
1495,2019-06-30,-282.49,SUI,0.011856150154022416
1496,2019-03-31,-279.18,SUI,-10.441325667906662
1497,2018-12-31,29.57,SUI,-0.6257435767624351
1498,2018-09-30,79.01,SUI,-1.3934173181297616
1499,2018-06-30,-200.83,SUI,-14.117570215545395
1500,2018-03-31,15.31,SUI,-1.1075442540039337
1501,2017-12-31,-142.36,SUI,2.486651971589518
1502,2017-09-30,-40.83,SUI,2.7321755027422303
1503,2017-06-30,-10.94,SUI,3.695278969957081
1504,2017-03-31,-2.33,SUI,-1.3240611961057023
1505,2016-12-31,,SUI,0.0
1506,2016-09-30,,SUI,0.0
1507,2016-06-30,,SUI,0.0
1508,2016-03-31,7.19,SUI,-1.0307173067885675
1509,2015-12-31,-234.07,SUI,-0.10256115328579096
1510,2015-09-30,-260.82,SUI,0.18998083766767038
1511,2015-06-30,-219.18,SUI,0.6939485277069328
1512,2015-03-31,-129.39,SUI,-0.682789899485168
1513,2014-12-31,-407.9,SUI,3.2542761785565286
1514,2014-09-30,-95.88,SUI,-0.22864038616251003
1515,2014-06-30,-124.3,SUI,0.3316905935290335
1516,2014-03-31,-93.34,SUI,-0.5032992762877819
1517,2013-12-31,-187.92,SUI,0.46446384039900246
1518,2013-09-30,-128.32,SUI,0.1508520179372197
1519,2013-06-30,-111.5,SUI,10.285425101214575
1520,2013-03-31,-9.88,SUI,-0.9654581687235605
1521,2012-12-31,-286.03,SUI,8.262629533678757
1522,2012-09-30,-30.88,SUI,0.9227895392278955
1523,2012-06-30,-16.06,SUI,1.2060439560439558
1524,2012-03-31,-7.28,SUI,-0.6457420924574209
1525,2011-12-31,-20.55,SUI,0.39416553595658077
1526,2011-09-30,-14.74,SUI,0.8197530864197531
1527,2011-06-30,-8.1,SUI,-6.328947368421052
1528,2011-03-31,1.52,SUI,-0.866432337434095
1529,2010-12-31,11.38,SUI,0.3435655253837071
1530,2010-09-30,8.47,SUI,-0.22999999999999998
1531,2010-06-30,11.0,SUI,0.30486358244365364
1532,2010-03-31,8.43,SUI,-0.43002028397565917
1533,2009-12-31,14.79,SUI,0.00203252032520318
1534,2009-09-30,14.76,SUI,-0.030223390275952777
1535,2009-06-30,15.22,SUI,0.7636152954808806
1536,2009-03-31,8.63,SUI,
1538,2021-09-30,264.12,DAR,0.5100337316334116
1539,2021-06-30,174.91,DAR,1.1951556224899598
1540,2021-03-31,79.68,DAR,-0.7705928079923992
1541,2020-12-31,347.33,DAR,0.2110952264723316
1542,2020-09-30,286.79,DAR,1.0267844522968201
1543,2020-06-30,141.5,DAR,-6.305586801649794
1544,2020-03-31,-26.67,DAR,-2.2485955056179776
1545,2019-12-31,21.36,DAR,-0.35253107002121864
1546,2019-09-30,32.99,DAR,-9.797333333333334
1547,2019-06-30,-3.75,DAR,-0.8651079136690647
1548,2019-03-31,-27.8,DAR,-1.2894325871941696
1549,2018-12-31,96.05,DAR,-10.001874414245549
1550,2018-09-30,-10.67,DAR,0.20701357466063341
1551,2018-06-30,-8.84,DAR,-0.6863023420865862
1552,2018-03-31,-28.18,DAR,-1.1952064283735107
1553,2017-12-31,144.36,DAR,0.8680124223602486
1554,2017-09-30,77.28,DAR,0.05400981996726695
1555,2017-06-30,73.32,DAR,1.188003581020591
1556,2017-03-31,33.51,DAR,-0.7835271317829458
1557,2016-12-31,154.8,DAR,0.3250021398613372
1558,2016-09-30,116.83,DAR,0.9080516086885515
1559,2016-06-30,61.23,DAR,-9.861070911722141
1560,2016-03-31,-6.91,DAR,-1.0354449858938188
1561,2015-12-31,194.95,DAR,0.4244483413707436
1562,2015-09-30,136.86,DAR,0.515446794374931
1563,2015-06-30,90.31,DAR,9.10178970917226
1564,2015-03-31,8.94,DAR,-0.8389769452449568
1565,2014-12-31,55.52,DAR,0.9743954480796586
1566,2014-09-30,28.12,DAR,-1.4671096345514951
1567,2014-06-30,-60.2,DAR,-0.25254531909610134
1568,2014-03-31,-80.54,DAR,-1.8498469979951464
1569,2013-12-31,94.77,DAR,0.11955109273479025
1570,2013-09-30,84.65,DAR,0.1170493533913961
1571,2013-06-30,75.78,DAR,1.2620895522388058
1572,2013-03-31,33.5,DAR,-0.7572287846945431
1573,2012-12-31,137.99,DAR,0.19565029026947411
1574,2012-09-30,115.41,DAR,0.268520553967905
1575,2012-06-30,90.98,DAR,1.9244615879138545
1576,2012-03-31,31.11,DAR,-0.8292910447761195
1577,2011-12-31,182.24,DAR,0.3895539458635151
1578,2011-09-30,131.15,DAR,0.4364731653888281
1579,2011-06-30,91.3,DAR,0.33831720902961004
1580,2011-03-31,68.22,DAR,0.18829472217383736
1581,2010-12-31,57.41,DAR,0.771366862079605
1582,2010-09-30,32.41,DAR,0.8701673398730525
1583,2010-06-30,17.33,DAR,0.6956947162426612
1584,2010-03-31,10.22,DAR,-0.8221371388792204
1585,2009-12-31,57.46,DAR,0.5442085460897608
1586,2009-09-30,37.21,DAR,0.6799097065462756
1587,2009-06-30,22.15,DAR,16.038461538461537
1588,2009-03-31,1.3,DAR,
