,Date,Value,Ticker
0,,,TTEC
1,2021-09-30,134.33,TTEC
2,2021-06-30,109.28,TTEC
3,2021-03-31,58.25,TTEC
4,2020-12-31,212.17,TTEC
5,2020-09-30,138.97,TTEC
6,2020-06-30,73.38,TTEC
7,2020-03-31,45.37,TTEC
8,2019-12-31,177.60,TTEC
9,2019-09-30,140.31,TTEC
10,2019-06-30,93.17,TTEC
11,2019-03-31,66.78,TTEC
12,2018-12-31,124.93,TTEC
13,2018-09-30,134.29,TTEC
14,2018-06-30,87.83,TTEC
15,2018-03-31,59.88,TTEC
16,2017-12-31,61.23,TTEC
17,2017-09-30,105.74,TTEC
18,2017-06-30,95.89,TTEC
19,2017-03-31,62.91,TTEC
20,2016-12-31,61.11,TTEC
21,2016-09-30,72.07,TTEC
22,2016-06-30,27.37,TTEC
23,2016-03-31,-2.16,TTEC
24,2015-12-31,71.61,TTEC
25,2015-09-30,67.10,TTEC
26,2015-06-30,56.12,TTEC
27,2015-03-31,-9.22,TTEC
28,2014-12-31,26.58,TTEC
29,2014-09-30,9.81,TTEC
30,2014-06-30,-2.72,TTEC
31,2014-03-31,-1.42,TTEC
32,2013-12-31,87.62,TTEC
33,2013-09-30,44.78,TTEC
34,2013-06-30,26.55,TTEC
35,2013-03-31,2.39,TTEC
36,2012-12-31,66.83,TTEC
37,2012-09-30,30.71,TTEC
38,2012-06-30,31.51,TTEC
39,2012-03-31,8.29,TTEC
40,2011-12-31,77.52,TTEC
41,2011-09-30,20.53,TTEC
42,2011-06-30,37.95,TTEC
43,2011-03-31,20.74,TTEC
44,2010-12-31,107.66,TTEC
45,2010-09-30,102.57,TTEC
46,2010-06-30,62.32,TTEC
47,2010-03-31,44.82,TTEC
48,2009-12-31,135.70,TTEC
49,2009-09-30,133.59,TTEC
50,2009-06-30,79.54,TTEC
51,2009-03-31,45.56,TTEC
52,,,CSV
53,2021-09-30,54.45,CSV
54,2021-06-30,32.69,CSV
55,2021-03-31,22.11,CSV
56,2020-12-31,76.26,CSV
57,2020-09-30,57.79,CSV
58,2020-06-30,25.22,CSV
59,2020-03-31,10.81,CSV
60,2019-12-31,28.80,CSV
61,2019-09-30,24.58,CSV
62,2019-06-30,13.36,CSV
63,2019-03-31,7.55,CSV
64,2018-12-31,35.47,CSV
65,2018-09-30,29.68,CSV
66,2018-06-30,21.20,CSV
67,2018-03-31,12.82,CSV
68,2017-12-31,28.84,CSV
69,2017-09-30,17.38,CSV
70,2017-06-30,11.46,CSV
71,2017-03-31,4.43,CSV
72,2016-12-31,31.32,CSV
73,2016-09-30,17.50,CSV
74,2016-06-30,11.45,CSV
75,2016-03-31,7.19,CSV
76,2015-12-31,15.66,CSV
77,2015-09-30,14.15,CSV
78,2015-06-30,6.97,CSV
79,2015-03-31,6.22,CSV
80,2014-12-31,12.89,CSV
81,2014-09-30,9.49,CSV
82,2014-06-30,3.63,CSV
83,2014-03-31,-6.67,CSV
84,2013-12-31,29.15,CSV
85,2013-09-30,23.79,CSV
86,2013-06-30,18.35,CSV
87,2013-03-31,7.31,CSV
88,2012-12-31,15.33,CSV
89,2012-09-30,7.44,CSV
90,2012-06-30,7.72,CSV
91,2012-03-31,0.43,CSV
92,2011-12-31,20.51,CSV
93,2011-09-30,17.53,CSV
94,2011-06-30,11.15,CSV
95,2011-03-31,1.68,CSV
96,2010-12-31,15.86,CSV
97,2010-09-30,10.06,CSV
98,2010-06-30,10.53,CSV
99,2010-03-31,1.02,CSV
100,2009-12-31,6.79,CSV
101,2009-09-30,1.92,CSV
102,2009-06-30,3.79,CSV
103,2009-03-31,-2.27,CSV
104,,,PPBI
105,2021-09-30,250.38,PPBI
106,2021-06-30,167.33,PPBI
107,2021-03-31,103.84,PPBI
108,2020-12-31,200.93,PPBI
109,2020-09-30,162.47,PPBI
110,2020-06-30,96.67,PPBI
111,2020-03-31,40.72,PPBI
112,2019-12-31,178.61,PPBI
113,2019-09-30,126.02,PPBI
114,2019-06-30,80.96,PPBI
115,2019-03-31,42.15,PPBI
116,2018-12-31,186.20,PPBI
117,2018-09-30,129.96,PPBI
118,2018-06-30,109.91,PPBI
119,2018-03-31,33.22,PPBI
120,2017-12-31,65.21,PPBI
121,2017-09-30,37.50,PPBI
122,2017-06-30,43.00,PPBI
123,2017-03-31,7.37,PPBI
124,2016-12-31,61.53,PPBI
125,2016-09-30,39.55,PPBI
126,2016-06-30,26.97,PPBI
127,2016-03-31,10.61,PPBI
128,2015-12-31,23.29,PPBI
129,2015-09-30,14.91,PPBI
130,2015-06-30,6.09,PPBI
131,2015-03-31,-0.17,PPBI
132,2014-12-31,11.74,PPBI
133,2014-09-30,9.78,PPBI
134,2014-06-30,2.35,PPBI
135,2014-03-31,-1.43,PPBI
136,2013-12-31,11.92,PPBI
137,2013-09-30,7.73,PPBI
138,2013-06-30,5.75,PPBI
139,2013-03-31,-0.62,PPBI
140,2012-12-31,7.64,PPBI
141,2012-09-30,-1.16,PPBI
142,2012-06-30,2.74,PPBI
143,2012-03-31,1.57,PPBI
144,2011-12-31,9.18,PPBI
145,2011-09-30,8.61,PPBI
146,2011-06-30,3.54,PPBI
147,2011-03-31,-1.39,PPBI
148,2010-12-31,8.90,PPBI
149,2010-09-30,4.46,PPBI
150,2010-06-30,5.27,PPBI
151,2010-03-31,2.16,PPBI
152,2009-12-31,5.56,PPBI
153,2009-09-30,6.73,PPBI
154,2009-06-30,4.33,PPBI
155,2009-03-31,1.33,PPBI
156,,,AEL
157,2021-09-30,622.23,AEL
158,2021-06-30,614.46,AEL
159,2021-03-31,468.16,AEL
160,2020-12-31,"1,291.75",AEL
161,2020-09-30,342.79,AEL
162,2020-06-30,-339.52,AEL
163,2020-03-31,"-1,174.81",AEL
164,2019-12-31,"3,347.38",AEL
165,2019-09-30,"2,285.13",AEL
166,2019-06-30,"1,869.83",AEL
167,2019-03-31,"1,111.27",AEL
168,2018-12-31,38.90,AEL
169,2018-09-30,582.73,AEL
170,2018-06-30,-146.36,AEL
171,2018-03-31,-444.28,AEL
172,2017-12-31,"1,919.04",AEL
173,2017-09-30,"1,262.09",AEL
174,2017-06-30,828.91,AEL
175,2017-03-31,496.65,AEL
176,2016-12-31,"1,415.19",AEL
177,2016-09-30,943.63,AEL
178,2016-06-30,421.87,AEL
179,2016-03-31,141.37,AEL
180,2015-12-31,503.49,AEL
181,2015-09-30,70.18,AEL
182,2015-06-30,264.91,AEL
183,2015-03-31,-140.51,AEL
184,2014-12-31,706.43,AEL
185,2014-09-30,486.58,AEL
186,2014-06-30,394.76,AEL
187,2014-03-31,47.96,AEL
188,2013-12-31,861.72,AEL
189,2013-09-30,603.80,AEL
190,2013-06-30,490.98,AEL
191,2013-03-31,369.54,AEL
192,2012-12-31,783.58,AEL
193,2012-09-30,829.27,AEL
194,2012-06-30,500.15,AEL
195,2012-03-31,457.53,AEL
196,2011-12-31,272.53,AEL
197,2011-09-30,95.40,AEL
198,2011-06-30,181.99,AEL
199,2011-03-31,237.05,AEL
200,2010-12-31,415.16,AEL
201,2010-09-30,130.37,AEL
202,2010-06-30,9.29,AEL
203,2010-03-31,178.69,AEL
204,2009-12-31,513.58,AEL
205,2009-09-30,258.16,AEL
206,2009-06-30,95.27,AEL
207,2009-03-31,59.33,AEL
208,,,RHP
209,2021-09-30,-65.49,RHP
210,2021-06-30,-103.39,RHP
211,2021-03-31,-68.72,RHP
212,2020-12-31,-326.99,RHP
213,2020-09-30,-236.91,RHP
214,2020-06-30,-193.94,RHP
215,2020-03-31,-38.50,RHP
216,2019-12-31,202.15,RHP
217,2019-09-30,121.54,RHP
218,2019-06-30,69.55,RHP
219,2019-03-31,5.69,RHP
220,2018-12-31,133.70,RHP
221,2018-09-30,92.47,RHP
222,2018-06-30,36.36,RHP
223,2018-03-31,-3.66,RHP
224,2017-12-31,113.27,RHP
225,2017-09-30,88.62,RHP
226,2017-06-30,34.44,RHP
227,2017-03-31,0.61,RHP
228,2016-12-31,175.62,RHP
229,2016-09-30,114.56,RHP
230,2016-06-30,71.02,RHP
231,2016-03-31,40.03,RHP
232,2015-12-31,158.25,RHP
233,2015-09-30,91.26,RHP
234,2015-06-30,40.44,RHP
235,2015-03-31,-11.17,RHP
236,2014-12-31,193.85,RHP
237,2014-09-30,106.49,RHP
238,2014-06-30,55.94,RHP
239,2014-03-31,12.35,RHP
240,2013-12-31,100.74,RHP
241,2013-09-30,40.72,RHP
242,2013-06-30,-24.09,RHP
243,2013-03-31,-57.00,RHP
244,2012-12-31,81.24,RHP
245,2012-09-30,51.12,RHP
246,2012-06-30,20.36,RHP
247,2012-03-31,-15.82,RHP
248,2011-12-31,21.33,RHP
249,2011-09-30,-10.92,RHP
250,2011-06-30,-21.79,RHP
251,2011-03-31,-45.48,RHP
252,2010-12-31,-55.16,RHP
253,2010-09-30,-21.23,RHP
254,2010-06-30,27.11,RHP
255,2010-03-31,19.94,RHP
256,2009-12-31,69.99,RHP
257,2009-09-30,32.29,RHP
258,2009-06-30,10.93,RHP
259,2009-03-31,-26.50,RHP
260,,,LXFR
261,2021-09-30,52.20,LXFR
262,2021-06-30,20.80,LXFR
263,2021-03-31,13.80,LXFR
264,2020-12-31,41.60,LXFR
265,2020-09-30,32.00,LXFR
266,2020-06-30,5.10,LXFR
267,2020-03-31,-7.00,LXFR
268,2019-12-31,-6.10,LXFR
269,2019-09-30,-22.70,LXFR
270,2019-06-30,-21.50,LXFR
271,2019-03-31,-11.00,LXFR
272,2018-12-31,49.40,LXFR
273,2018-09-30,31.70,LXFR
274,2018-06-30,17.50,LXFR
275,2018-03-31,7.00,LXFR
276,2017-12-31,28.40,LXFR
277,2017-09-30,22.20,LXFR
278,2017-06-30,14.70,LXFR
279,2017-03-31,7.30,LXFR
280,2016-12-31,13.10,LXFR
281,2016-09-30,7.90,LXFR
282,2016-06-30,5.70,LXFR
283,2016-03-31,-0.20,LXFR
284,2015-12-31,37.50,LXFR
285,2015-09-30,28.90,LXFR
286,2015-06-30,19.20,LXFR
287,2015-03-31,5.40,LXFR
288,2014-12-31,2.60,LXFR
289,2014-09-30,-7.10,LXFR
290,2014-06-30,-11.30,LXFR
291,2014-03-31,-1.80,LXFR
292,2013-12-31,13.00,LXFR
293,2013-09-30,15.70,LXFR
294,2013-06-30,8.60,LXFR
295,2013-03-31,5.70,LXFR
296,2012-12-31,49.70,LXFR
297,2012-09-30,41.70,LXFR
298,2012-06-30,,LXFR
299,2012-03-31,,LXFR
300,2011-12-31,,LXFR
301,,,MELI
302,2021-09-30,-160.30,MELI
303,2021-06-30,-263.74,MELI
304,2021-03-31,-375.67,MELI
305,2020-12-31,935.78,MELI
306,2020-09-30,766.47,MELI
307,2020-06-30,469.85,MELI
308,2020-03-31,-130.83,MELI
309,2019-12-31,314.29,MELI
310,2019-09-30,272.09,MELI
311,2019-06-30,94.56,MELI
312,2019-03-31,105.44,MELI
313,2018-12-31,133.35,MELI
314,2018-09-30,126.54,MELI
315,2018-06-30,60.64,MELI
316,2018-03-31,-59.94,MELI
317,2017-12-31,194.16,MELI
318,2017-09-30,190.33,MELI
319,2017-06-30,191.82,MELI
320,2017-03-31,91.98,MELI
321,2016-12-31,113.32,MELI
322,2016-09-30,86.04,MELI
323,2016-06-30,7.30,MELI
324,2016-03-31,-27.23,MELI
325,2015-12-31,158.84,MELI
326,2015-09-30,74.44,MELI
327,2015-06-30,73.05,MELI
328,2015-03-31,30.86,MELI
329,2014-12-31,162.37,MELI
330,2014-09-30,113.99,MELI
331,2014-06-30,73.27,MELI
332,2014-03-31,20.66,MELI
333,2013-12-31,28.76,MELI
334,2013-09-30,46.75,MELI
335,2013-06-30,21.07,MELI
336,2013-03-31,27.23,MELI
337,2012-12-31,123.14,MELI
338,2012-09-30,72.03,MELI
339,2012-06-30,50.17,MELI
340,2012-03-31,15.29,MELI
341,2011-12-31,70.50,MELI
342,2011-09-30,45.21,MELI
343,2011-06-30,20.49,MELI
344,2011-03-31,12.28,MELI
345,2010-12-31,54.68,MELI
346,2010-09-30,31.44,MELI
347,2010-06-30,22.19,MELI
348,2010-03-31,10.06,MELI
349,2009-12-31,45.90,MELI
350,2009-09-30,24.01,MELI
351,2009-06-30,10.84,MELI
352,2009-03-31,3.13,MELI
353,,,EQIX
354,2021-09-30,-299.36,EQIX
355,2021-06-30,-353.11,EQIX
356,2021-03-31,-226.18,EQIX
357,2020-12-31,161.54,EQIX
358,2020-09-30,51.04,EQIX
359,2020-06-30,126.06,EQIX
360,2020-03-31,79.52,EQIX
361,2019-12-31,102.83,EQIX
362,2019-09-30,33.93,EQIX
363,2019-06-30,108.49,EQIX
364,2019-03-31,51.45,EQIX
365,2018-12-31,-451.01,EQIX
366,2018-09-30,-283.17,EQIX
367,2018-06-30,-72.12,EQIX
368,2018-03-31,-63.52,EQIX
369,2017-12-31,13.19,EQIX
370,2017-09-30,-18.89,EQIX
371,2017-06-30,-72.78,EQIX
372,2017-03-31,-23.84,EQIX
373,2016-12-31,729.45,EQIX
374,2016-09-30,791.77,EQIX
375,2016-06-30,-69.76,EQIX
376,2016-03-31,-86.45,EQIX
377,2015-12-31,-11.58,EQIX
378,2015-09-30,33.89,EQIX
379,2015-06-30,35.53,EQIX
380,2015-03-31,44.41,EQIX
381,2014-12-31,12.43,EQIX
382,2014-09-30,48.61,EQIX
383,2014-06-30,-11.83,EQIX
384,2014-03-31,49.02,EQIX
385,2013-12-31,-42.13,EQIX
386,2013-09-30,-7.35,EQIX
387,2013-06-30,29.85,EQIX
388,2013-03-31,8.51,EQIX
389,2012-12-31,-157.13,EQIX
390,2012-09-30,-125.76,EQIX
391,2012-06-30,-21.20,EQIX
392,2012-03-31,-19.50,EQIX
393,2011-12-31,-126.13,EQIX
394,2011-09-30,-119.52,EQIX
395,2011-06-30,-129.87,EQIX
396,2011-03-31,-72.30,EQIX
397,2010-12-31,-201.39,EQIX
398,2010-09-30,-166.07,EQIX
399,2010-06-30,-135.39,EQIX
400,2010-03-31,-43.59,EQIX
401,2009-12-31,-14.05,EQIX
402,2009-09-30,5.18,EQIX
403,2009-06-30,-14.16,EQIX
404,2009-03-31,-22.14,EQIX
405,,,CCOI
406,2021-09-30,79.65,CCOI
407,2021-06-30,54.19,CCOI
408,2021-03-31,31.66,CCOI
409,2020-12-31,84.37,CCOI
410,2020-09-30,62.66,CCOI
411,2020-06-30,42.97,CCOI
412,2020-03-31,15.59,CCOI
413,2019-12-31,101.85,CCOI
414,2019-09-30,65.65,CCOI
415,2019-06-30,44.26,CCOI
416,2019-03-31,15.35,CCOI
417,2018-12-31,83.98,CCOI
418,2018-09-30,54.20,CCOI
419,2018-06-30,34.56,CCOI
420,2018-03-31,15.27,CCOI
421,2017-12-31,65.90,CCOI
422,2017-09-30,45.16,CCOI
423,2017-06-30,27.30,CCOI
424,2017-03-31,11.27,CCOI
425,2016-12-31,62.73,CCOI
426,2016-09-30,36.05,CCOI
427,2016-06-30,21.96,CCOI
428,2016-03-31,12.52,CCOI
429,2015-12-31,48.23,CCOI
430,2015-09-30,31.19,CCOI
431,2015-06-30,14.63,CCOI
432,2015-03-31,5.46,CCOI
433,2014-12-31,13.01,CCOI
434,2014-09-30,8.10,CCOI
435,2014-06-30,7.42,CCOI
436,2014-03-31,-4.99,CCOI
437,2013-12-31,32.82,CCOI
438,2013-09-30,13.63,CCOI
439,2013-06-30,8.89,CCOI
440,2013-03-31,-1.35,CCOI
441,2012-12-31,35.61,CCOI
442,2012-09-30,13.60,CCOI
443,2012-06-30,9.29,CCOI
444,2012-03-31,0.40,CCOI
445,2011-12-31,29.96,CCOI
446,2011-09-30,13.09,CCOI
447,2011-06-30,6.63,CCOI
448,2011-03-31,0.63,CCOI
449,2010-12-31,18.72,CCOI
450,2010-09-30,8.47,CCOI
451,2010-06-30,5.99,CCOI
452,2010-03-31,3.98,CCOI
453,2009-12-31,7.44,CCOI
454,2009-09-30,-1.20,CCOI
455,2009-06-30,0.72,CCOI
456,2009-03-31,1.07,CCOI
457,,,DLR
458,2021-09-30,"1,970.05",DLR
459,2021-06-30,"1,553.86",DLR
460,2021-03-31,"1,013.36",DLR
461,2020-12-31,"2,271.16",DLR
462,2020-09-30,"1,728.65",DLR
463,2020-06-30,"1,238.73",DLR
464,2020-03-31,753.02,DLR
465,2019-12-31,"1,513.82",DLR
466,2019-09-30,"1,036.97",DLR
467,2019-06-30,767.92,DLR
468,2019-03-31,341.62,DLR
469,2018-12-31,"1,671.53",DLR
470,2018-09-30,"1,203.06",DLR
471,2018-06-30,792.19,DLR
472,2018-03-31,374.17,DLR
473,2017-12-31,696.87,DLR
474,2017-09-30,657.40,DLR
475,2017-06-30,484.48,DLR
476,2017-03-31,205.48,DLR
477,2016-12-31,397.28,DLR
478,2016-09-30,113.09,DLR
479,2016-06-30,430.73,DLR
480,2016-03-31,215.05,DLR
481,2015-12-31,883.16,DLR
482,2015-09-30,676.35,DLR
483,2015-06-30,492.29,DLR
484,2015-03-31,182.20,DLR
485,2014-12-31,669.53,DLR
486,2014-09-30,486.21,DLR
487,2014-06-30,353.21,DLR
488,2014-03-31,116.41,DLR
489,2013-12-31,497.08,DLR
490,2013-09-30,297.03,DLR
491,2013-06-30,155.97,DLR
492,2013-03-31,10.86,DLR
493,2012-12-31,"-1,018.24",DLR
494,2012-09-30,"-1,095.56",DLR
495,2012-06-30,8.60,DLR
496,2012-03-31,-55.66,DLR
497,2011-12-31,204.35,DLR
498,2011-09-30,183.47,DLR
499,2011-06-30,169.98,DLR
500,2011-03-31,63.20,DLR
501,2010-12-31,-959.97,DLR
502,2010-09-30,-941.57,DLR
503,2010-06-30,-287.91,DLR
504,2010-03-31,-317.80,DLR
505,2009-12-31,145.81,DLR
506,2009-09-30,179.45,DLR
507,2009-06-30,124.38,DLR
508,2009-03-31,41.38,DLR
509,,,SOHO
510,2021-09-30,1.92,SOHO
511,2021-06-30,0.11,SOHO
512,2021-03-31,-1.76,SOHO
513,2020-12-31,-15.22,SOHO
514,2020-09-30,-9.33,SOHO
515,2020-06-30,-7.90,SOHO
516,2020-03-31,-0.28,SOHO
517,2019-12-31,3.46,SOHO
518,2019-09-30,4.70,SOHO
519,2019-06-30,5.59,SOHO
520,2019-03-31,0.10,SOHO
521,2018-12-31,-75.65,SOHO
522,2018-09-30,-76.26,SOHO
523,2018-06-30,-74.07,SOHO
524,2018-03-31,-79.02,SOHO
525,2017-12-31,-5.76,SOHO
526,2017-09-30,-0.62,SOHO
527,2017-06-30,1.10,SOHO
528,2017-03-31,1.17,SOHO
529,2016-12-31,3.28,SOHO
530,2016-09-30,4.30,SOHO
531,2016-06-30,4.67,SOHO
532,2016-03-31,1.67,SOHO
533,2015-12-31,-31.88,SOHO
534,2015-09-30,-29.86,SOHO
535,2015-06-30,-1.34,SOHO
536,2015-03-31,-1.15,SOHO
537,2014-12-31,-56.06,SOHO
538,2014-09-30,-49.58,SOHO
539,2014-06-30,-51.30,SOHO
540,2014-03-31,-58.82,SOHO
541,2013-12-31,-26.04,SOHO
542,2013-09-30,3.74,SOHO
543,2013-06-30,3.80,SOHO
544,2013-03-31,0.98,SOHO
545,2012-12-31,6.12,SOHO
546,2012-09-30,5.77,SOHO
547,2012-06-30,2.83,SOHO
548,2012-03-31,1.43,SOHO
549,2011-12-31,1.60,SOHO
550,2011-09-30,3.26,SOHO
551,2011-06-30,1.69,SOHO
552,2011-03-31,2.69,SOHO
553,2010-12-31,1.84,SOHO
554,2010-09-30,2.13,SOHO
555,2010-06-30,2.99,SOHO
556,2010-03-31,-0.52,SOHO
557,2009-12-31,-9.61,SOHO
558,2009-09-30,-8.85,SOHO
559,2009-06-30,-7.47,SOHO
560,2009-03-31,-8.12,SOHO
561,,,VYNT
562,2021-09-30,-14.51,VYNT
563,2021-06-30,-11.19,VYNT
564,2021-03-31,-4.61,VYNT
565,2020-12-31,-5.87,VYNT
566,2020-09-30,-4.35,VYNT
567,2020-06-30,-2.02,VYNT
568,2020-03-31,-1.54,VYNT
569,2019-12-31,-8.69,VYNT
570,2019-09-30,-6.16,VYNT
571,2019-06-30,-4.88,VYNT
572,2019-03-31,-4.48,VYNT
573,2018-12-31,-12.57,VYNT
574,2018-09-30,-11.46,VYNT
575,2018-06-30,-8.11,VYNT
576,2018-03-31,-4.69,VYNT
577,2017-12-31,-14.85,VYNT
578,2017-09-30,-11.44,VYNT
579,2017-06-30,-7.79,VYNT
580,2017-03-31,-2.57,VYNT
581,2016-12-31,-18.34,VYNT
582,2016-09-30,-17.64,VYNT
583,2016-06-30,-12.92,VYNT
584,2016-03-31,-6.11,VYNT
585,2015-12-31,-14.61,VYNT
586,2015-09-30,-10.39,VYNT
587,2015-06-30,-7.62,VYNT
588,2015-03-31,-3.19,VYNT
589,2014-12-31,-13.71,VYNT
590,2014-09-30,-8.85,VYNT
591,2014-06-30,-6.20,VYNT
592,2014-03-31,-2.08,VYNT
593,2013-12-31,-8.33,VYNT
594,2013-09-30,-6.67,VYNT
595,2013-06-30,-3.81,VYNT
596,2013-03-31,-0.57,VYNT
597,2012-12-31,-7.73,VYNT
598,2012-09-30,-5.80,VYNT
599,2012-06-30,-4.13,VYNT
600,2012-03-31,-3.21,VYNT
601,2011-12-31,,VYNT
602,2010-12-31,,VYNT
603,,,DTIL
604,2021-09-30,9.28,DTIL
605,2021-06-30,33.92,DTIL
606,2021-03-31,66.95,DTIL
607,2020-12-31,-92.42,DTIL
608,2020-09-30,-77.87,DTIL
609,2020-06-30,-54.60,DTIL
610,2020-03-31,-27.01,DTIL
611,2019-12-31,-95.68,DTIL
612,2019-09-30,-69.60,DTIL
613,2019-06-30,-49.70,DTIL
614,2019-03-31,-24.99,DTIL
615,2018-12-31,-65.99,DTIL
616,2018-09-30,-43.20,DTIL
617,2018-06-30,-25.51,DTIL
618,2018-03-31,-15.07,DTIL
619,2017-12-31,,DTIL
620,,,WLDN
621,2021-09-30,-6.56,WLDN
622,2021-06-30,-3.77,WLDN
623,2021-03-31,4.33,WLDN
624,2020-12-31,41.97,WLDN
625,2020-09-30,22.92,WLDN
626,2020-06-30,26.30,WLDN
627,2020-03-31,14.32,WLDN
628,2019-12-31,5.03,WLDN
629,2019-09-30,2.70,WLDN
630,2019-06-30,8.92,WLDN
631,2019-03-31,8.59,WLDN
632,2018-12-31,5.52,WLDN
633,2018-09-30,10.89,WLDN
634,2018-06-30,3.57,WLDN
635,2018-03-31,-6.87,WLDN
636,2017-12-31,8.89,WLDN
637,2017-09-30,0.21,WLDN
638,2017-06-30,5.67,WLDN
639,2017-03-31,-1.97,WLDN
640,2016-12-31,19.95,WLDN
641,2016-09-30,15.36,WLDN
642,2016-06-30,6.25,WLDN
643,2016-03-31,-1.88,WLDN
644,2015-12-31,5.63,WLDN
645,2015-09-30,4.05,WLDN
646,2015-06-30,1.50,WLDN
647,2015-03-31,-2.52,WLDN
648,2014-12-31,11.41,WLDN
649,2014-09-30,5.61,WLDN
650,2014-06-30,4.08,WLDN
651,2014-03-31,4.69,WLDN
652,2013-12-31,0.93,WLDN
653,2013-09-30,3.91,WLDN
654,2013-06-30,1.96,WLDN
655,2013-03-31,0.65,WLDN
656,2012-12-31,4.34,WLDN
657,2012-09-30,4.34,WLDN
658,2012-06-30,0.71,WLDN
659,2012-03-31,-0.90,WLDN
660,2011-12-31,-1.06,WLDN
661,2011-09-30,2.76,WLDN
662,2011-06-30,1.32,WLDN
663,2011-03-31,0.47,WLDN
664,2010-12-31,-0.55,WLDN
665,2010-09-30,0.96,WLDN
666,2010-06-30,-1.94,WLDN
667,2010-03-31,-1.47,WLDN
668,2009-12-31,1.77,WLDN
669,2009-09-30,1.59,WLDN
670,2009-06-30,1.22,WLDN
671,2009-03-31,1.57,WLDN
672,,,AQST
673,2021-09-30,-25.30,AQST
674,2021-06-30,-16.15,AQST
675,2021-03-31,-14.20,AQST
676,2020-12-31,-45.98,AQST
677,2020-09-30,-32.23,AQST
678,2020-06-30,-23.88,AQST
679,2020-03-31,-13.77,AQST
680,2019-12-31,-60.87,AQST
681,2019-09-30,-50.21,AQST
682,2019-06-30,-35.33,AQST
683,2019-03-31,-18.06,AQST
684,2018-12-31,-14.82,AQST
685,2018-09-30,-11.51,AQST
686,2018-06-30,0.41,AQST
687,2018-03-31,0.53,AQST
688,2017-12-31,,AQST
689,2017-09-30,11.25,AQST
690,2017-06-30,-3.94,AQST
691,,,EFC
692,2021-09-30,57.96,EFC
693,2021-06-30,42.91,EFC
694,2021-03-31,9.03,EFC
695,2020-12-31,129.24,EFC
696,2020-09-30,90.13,EFC
697,2020-06-30,74.08,EFC
698,2020-03-31,35.81,EFC
699,2019-12-31,103.07,EFC
700,2019-09-30,61.46,EFC
701,2019-06-30,43.73,EFC
702,2019-03-31,20.76,EFC
703,2018-12-31,-494.18,EFC
704,2018-09-30,-421.05,EFC
705,2018-06-30,-223.69,EFC
706,2018-03-31,-124.69,EFC
707,2017-12-31,-462.93,EFC
708,2017-09-30,-124.17,EFC
709,2017-06-30,-115.28,EFC
710,2017-03-31,-107.60,EFC
711,2016-12-31,69.69,EFC
712,2016-09-30,163.65,EFC
713,2016-06-30,89.28,EFC
714,2016-03-31,-19.00,EFC
715,2015-12-31,654.25,EFC
716,2015-09-30,389.27,EFC
717,2015-06-30,363.17,EFC
718,2015-03-31,338.15,EFC
719,2014-12-31,-604.16,EFC
720,2014-09-30,-341.65,EFC
721,2014-06-30,48.42,EFC
722,2014-03-31,66.34,EFC
723,2013-12-31,-244.38,EFC
724,2013-09-30,-369.46,EFC
725,2013-06-30,-317.42,EFC
726,2013-03-31,-26.54,EFC
727,2012-12-31,-51.40,EFC
728,2012-09-30,185.30,EFC
729,2012-06-30,15.39,EFC
730,2012-03-31,-31.13,EFC
731,2011-12-31,-47.45,EFC
732,2011-09-30,-64.22,EFC
733,2011-06-30,14.83,EFC
734,2011-03-31,-93.83,EFC
735,2010-12-31,-347.55,EFC
736,2010-09-30,119.64,EFC
737,2010-06-30,157.42,EFC
738,2010-03-31,137.28,EFC
739,2009-12-31,,EFC
740,2009-09-30,-270.88,EFC
741,,,PMT
742,2021-09-30,"-2,695.29",PMT
743,2021-06-30,"-2,853.62",PMT
744,2021-03-31,"-1,857.14",PMT
745,2020-12-31,715.16,PMT
746,2020-09-30,688.84,PMT
747,2020-06-30,"2,634.01",PMT
748,2020-03-31,"1,721.19",PMT
749,2019-12-31,"-2,910.10",PMT
750,2019-09-30,"-2,270.14",PMT
751,2019-06-30,-883.88,PMT
752,2019-03-31,161.80,PMT
753,2018-12-31,-474.56,PMT
754,2018-09-30,-716.79,PMT
755,2018-06-30,-527.59,PMT
756,2018-03-31,154.92,PMT
757,2017-12-31,390.05,PMT
758,2017-09-30,423.94,PMT
759,2017-06-30,388.79,PMT
760,2017-03-31,458.61,PMT
761,2016-12-31,-386.86,PMT
762,2016-09-30,-611.29,PMT
763,2016-06-30,-42.79,PMT
764,2016-03-31,25.34,PMT
765,2015-12-31,-622.36,PMT
766,2015-09-30,-351.42,PMT
767,2015-06-30,"-1,532.32",PMT
768,2015-03-31,-687.15,PMT
769,2014-12-31,-179.25,PMT
770,2014-09-30,-256.29,PMT
771,2014-06-30,-486.57,PMT
772,2014-03-31,143.65,PMT
773,2013-12-31,-121.34,PMT
774,2013-09-30,-334.08,PMT
775,2013-06-30,-377.56,PMT
776,2013-03-31,-225.15,PMT
777,2012-12-31,-684.04,PMT
778,2012-09-30,-547.95,PMT
779,2012-06-30,-192.32,PMT
780,2012-03-31,81.48,PMT
781,2011-12-31,-220.73,PMT
782,2011-09-30,-35.62,PMT
783,2011-06-30,-13.51,PMT
784,2011-03-31,-14.27,PMT
785,2010-12-31,-4.63,PMT
786,2010-09-30,-21.10,PMT
787,2010-06-30,-12.91,PMT
788,2010-03-31,-2.70,PMT
789,2009-12-31,,PMT
790,2009-09-30,-0.71,PMT
791,2009-06-30,,PMT
792,,,RKDA
793,2021-09-30,-20.13,RKDA
794,2021-06-30,-11.65,RKDA
795,2021-03-31,-5.19,RKDA
796,2020-12-31,-32.55,RKDA
797,2020-09-30,-25.50,RKDA
798,2020-06-30,-18.30,RKDA
799,2020-03-31,-10.05,RKDA
800,2019-12-31,-18.66,RKDA
801,2019-09-30,-13.06,RKDA
802,2019-06-30,-8.74,RKDA
803,2019-03-31,-4.06,RKDA
804,2018-12-31,-13.87,RKDA
805,2018-09-30,-11.02,RKDA
806,2018-06-30,-6.98,RKDA
807,2018-03-31,-2.64,RKDA
808,2017-12-31,-14.04,RKDA
809,2017-09-30,-11.36,RKDA
810,2017-06-30,-8.97,RKDA
811,2017-03-31,-4.58,RKDA
812,2016-12-31,-17.29,RKDA
813,2016-09-30,-13.00,RKDA
814,2016-06-30,-9.05,RKDA
815,2016-03-31,-4.99,RKDA
816,2015-12-31,-15.25,RKDA
817,2015-09-30,-11.24,RKDA
818,2015-06-30,-6.61,RKDA
819,2015-03-31,-2.61,RKDA
820,2014-12-31,-14.92,RKDA
821,2014-09-30,-12.16,RKDA
822,2014-06-30,-8.42,RKDA
823,2014-03-31,-2.13,RKDA
824,2013-12-31,,RKDA
825,,,NUWE
826,2021-09-30,-13.88,NUWE
827,2021-06-30,-9.34,NUWE
828,2021-03-31,-5.44,NUWE
829,2020-12-31,-16.84,NUWE
830,2020-09-30,-13.37,NUWE
831,2020-06-30,-8.83,NUWE
832,2020-03-31,-5.51,NUWE
833,2019-12-31,-16.86,NUWE
834,2019-09-30,-12.80,NUWE
835,2019-06-30,-9.03,NUWE
836,2019-03-31,-4.95,NUWE
837,2018-12-31,-14.76,NUWE
838,2018-09-30,-12.02,NUWE
839,2018-06-30,-8.60,NUWE
840,2018-03-31,-5.09,NUWE
841,2017-12-31,-12.18,NUWE
842,2017-09-30,-8.98,NUWE
843,2017-06-30,-5.72,NUWE
844,2017-03-31,-1.61,NUWE
845,2016-12-31,-16.41,NUWE
846,2016-09-30,-13.67,NUWE
847,2016-06-30,-9.17,NUWE
848,2016-03-31,-5.70,NUWE
849,2015-12-31,-23.19,NUWE
850,2015-09-30,-18.41,NUWE
851,2015-06-30,-12.90,NUWE
852,2015-03-31,-7.16,NUWE
853,2014-12-31,-23.00,NUWE
854,2014-09-30,-17.56,NUWE
855,2014-06-30,-12.04,NUWE
856,2014-03-31,-6.73,NUWE
857,2013-12-31,-17.66,NUWE
858,2013-09-30,-11.84,NUWE
859,2013-06-30,-7.59,NUWE
860,2013-03-31,-4.12,NUWE
861,2012-12-31,-13.24,NUWE
862,2012-09-30,-9.80,NUWE
863,2012-06-30,-6.92,NUWE
864,2012-03-31,-4.86,NUWE
865,2011-12-31,-13.53,NUWE
866,2011-09-30,-9.69,NUWE
867,2011-06-30,-6.26,NUWE
868,2011-03-31,-2.81,NUWE
869,2010-12-31,,NUWE
870,,,IROQ
871,2021-12-31,3.49,IROQ
872,2021-09-30,0.15,IROQ
873,2021-06-30,6.59,IROQ
874,2021-03-31,4.45,IROQ
875,2020-12-31,2.32,IROQ
876,2020-09-30,1.14,IROQ
877,2020-06-30,6.74,IROQ
878,2020-03-31,4.66,IROQ
879,2019-12-31,3.48,IROQ
880,2019-09-30,1.78,IROQ
881,2019-06-30,4.69,IROQ
882,2019-03-31,2.85,IROQ
883,2018-12-31,1.80,IROQ
884,2018-09-30,-0.47,IROQ
885,2018-06-30,-0.02,IROQ
886,2018-03-31,-2.33,IROQ
887,2017-12-31,-2.53,IROQ
888,2017-09-30,-3.17,IROQ
889,2017-06-30,4.46,IROQ
890,2017-03-31,4.34,IROQ
891,2016-12-31,2.38,IROQ
892,2016-09-30,1.54,IROQ
893,2016-06-30,5.11,IROQ
894,2016-03-31,4.21,IROQ
895,2015-12-31,2.30,IROQ
896,2015-09-30,1.70,IROQ
897,2015-06-30,5.23,IROQ
898,2015-03-31,3.87,IROQ
899,2014-12-31,2.21,IROQ
900,2014-09-30,1.14,IROQ
901,2014-06-30,5.25,IROQ
902,2014-03-31,3.56,IROQ
903,2013-12-31,2.42,IROQ
904,2013-09-30,1.38,IROQ
905,2013-06-30,5.68,IROQ
906,2013-03-31,3.42,IROQ
907,2012-12-31,2.12,IROQ
908,2012-09-30,1.00,IROQ
909,2012-06-30,5.45,IROQ
910,2012-03-31,3.43,IROQ
911,2011-12-31,2.65,IROQ
912,2011-09-30,0.78,IROQ
913,2011-06-30,4.81,IROQ
914,2011-03-31,2.76,IROQ
915,2010-12-31,1.79,IROQ
916,2010-09-30,0.56,IROQ
917,2010-06-30,,IROQ
918,2010-03-31,0.80,IROQ
919,,,FPI
920,2021-09-30,-3.25,FPI
921,2021-06-30,5.51,FPI
922,2021-03-31,36.42,FPI
923,2020-12-31,36.63,FPI
924,2020-09-30,20.68,FPI
925,2020-06-30,14.94,FPI
926,2020-03-31,11.89,FPI
927,2019-12-31,44.15,FPI
928,2019-09-30,36.04,FPI
929,2019-06-30,42.06,FPI
930,2019-03-31,16.37,FPI
931,2018-12-31,5.96,FPI
932,2018-09-30,0.57,FPI
933,2018-06-30,-19.69,FPI
934,2018-03-31,-17.00,FPI
935,2017-12-31,-226.81,FPI
936,2017-09-30,-113.73,FPI
937,2017-06-30,-104.66,FPI
938,2017-03-31,-85.78,FPI
939,2016-12-31,-132.41,FPI
940,2016-09-30,-123.79,FPI
941,2016-06-30,-104.31,FPI
942,2016-03-31,-88.11,FPI
943,2015-12-31,-109.19,FPI
944,2015-09-30,-96.60,FPI
945,2015-06-30,-80.24,FPI
946,2015-03-31,-8.29,FPI
947,2014-12-31,-124.51,FPI
948,2014-09-30,-35.27,FPI
949,2014-06-30,-30.26,FPI
950,2014-03-31,-0.14,FPI
951,2013-12-31,0.02,FPI
952,2013-09-30,-1.85,FPI
953,2013-06-30,-1.43,FPI
954,2013-03-31,-0.16,FPI
955,2012-12-31,,FPI
956,,,NAVI
957,2021-09-30,534.00,NAVI
958,2021-06-30,333.00,NAVI
959,2021-03-31,179.00,NAVI
960,2020-12-31,987.00,NAVI
961,2020-09-30,816.00,NAVI
962,2020-06-30,595.00,NAVI
963,2020-03-31,453.00,NAVI
964,2019-12-31,"1,019.00",NAVI
965,2019-09-30,831.00,NAVI
966,2019-06-30,522.00,NAVI
967,2019-03-31,188.00,NAVI
968,2018-12-31,"1,140.00",NAVI
969,2018-09-30,655.00,NAVI
970,2018-06-30,482.00,NAVI
971,2018-03-31,284.00,NAVI
972,2017-12-31,"1,158.00",NAVI
973,2017-09-30,914.00,NAVI
974,2017-06-30,630.00,NAVI
975,2017-03-31,357.00,NAVI
976,2016-12-31,"1,347.00",NAVI
977,2016-09-30,"1,114.00",NAVI
978,2016-06-30,771.00,NAVI
979,2016-03-31,342.00,NAVI
980,2015-12-31,"1,910.00",NAVI
981,2015-09-30,"1,459.00",NAVI
982,2015-06-30,"1,055.00",NAVI
983,2015-03-31,499.00,NAVI
984,2014-12-31,"1,664.00",NAVI
985,2014-09-30,"1,615.00",NAVI
986,2014-06-30,"1,113.00",NAVI
987,2014-03-31,558.00,NAVI
988,2013-12-31,"2,000.00",NAVI
989,2013-09-30,"1,432.00",NAVI
990,2013-06-30,954.00,NAVI
991,2013-03-31,529.00,NAVI
992,2012-12-31,,NAVI
993,2011-12-31,,NAVI
994,,,GMS
995,2021-10-31,-92.75,GMS
996,2021-07-31,-81.60,GMS
997,2021-04-30,125.69,GMS
998,2021-01-31,51.87,GMS
999,2020-10-31,12.92,GMS
1000,2020-07-31,-20.11,GMS
1001,2020-04-30,280.12,GMS
1002,2020-01-31,115.78,GMS
1003,2019-10-31,56.35,GMS
1004,2019-07-31,-18.10,GMS
1005,2019-04-30,176.02,GMS
1006,2019-01-31,92.96,GMS
1007,2018-10-31,37.14,GMS
1008,2018-07-31,-51.35,GMS
1009,2018-04-30,70.39,GMS
1010,2018-01-31,55.35,GMS
1011,2017-10-31,25.50,GMS
1012,2017-07-31,4.44,GMS
1013,2017-04-30,60.83,GMS
1014,2017-01-31,32.69,GMS
1015,2016-10-31,-3.01,GMS
1016,2016-07-31,-32.39,GMS
1017,2016-04-30,49.89,GMS
1018,2016-01-31,20.67,GMS
1019,2015-10-31,1.09,GMS
1020,2015-07-31,-19.45,GMS
1021,2015-04-30,,GMS
1022,2014-04-30,,GMS
1023,2013-04-30,,GMS
1024,,,RETC
1025,2021-09-30,-0.63,RETC
1026,2021-06-30,-0.43,RETC
1027,2021-03-31,-0.27,RETC
1028,2020-12-31,-0.61,RETC
1029,2020-09-30,-0.39,RETC
1030,2020-06-30,-0.21,RETC
1031,2020-03-31,0.07,RETC
1032,2019-12-31,,RETC
1033,2018-12-31,,RETC
1034,,,WORX
1035,2021-09-30,-0.74,WORX
1036,2021-06-30,-0.48,WORX
1037,2021-03-31,-0.43,WORX
1038,2020-12-31,-0.96,WORX
1039,2020-09-30,-1.15,WORX
1040,2020-06-30,-1.00,WORX
1041,2020-03-31,-0.29,WORX
1042,2019-12-31,-4.80,WORX
1043,2019-09-30,-4.36,WORX
1044,2019-06-30,-4.06,WORX
1045,2019-03-31,-2.59,WORX
1046,2018-12-31,-0.24,WORX
1047,2018-09-30,0.41,WORX
1048,2018-06-30,0.64,WORX
1049,2018-03-31,0.01,WORX
1050,2017-12-31,-5.83,WORX
1051,2017-09-30,-4.58,WORX
1052,2017-06-30,-3.14,WORX
1053,2017-03-31,-1.32,WORX
1054,2016-12-31,-2.13,WORX
1055,2016-09-30,-0.86,WORX
1056,2016-06-30,-0.25,WORX
1057,2016-03-31,-0.12,WORX
1058,2015-12-31,,WORX
1059,2015-09-30,-0.20,WORX
1060,,,SURF
1061,2021-09-30,-46.54,SURF
1062,2021-06-30,-31.23,SURF
1063,2021-03-31,-18.96,SURF
1064,2020-12-31,29.95,SURF
1065,2020-09-30,-42.33,SURF
1066,2020-06-30,-32.07,SURF
1067,2020-03-31,-15.60,SURF
1068,2019-12-31,-61.68,SURF
1069,2019-09-30,-48.21,SURF
1070,2019-06-30,-33.55,SURF
1071,2019-03-31,-19.18,SURF
1072,2018-12-31,-15.24,SURF
1073,2018-09-30,-0.18,SURF
1074,2018-06-30,12.26,SURF
1075,2018-03-31,30.53,SURF
1076,2017-12-31,-14.39,SURF
1077,2017-09-30,0.65,SURF
1078,2017-06-30,10.17,SURF
1079,2017-03-31,-4.58,SURF
1080,2016-12-31,,SURF
1081,,,BXRX
1082,2021-09-30,-36.70,BXRX
1083,2021-06-30,-24.13,BXRX
1084,2021-03-31,-14.08,BXRX
1085,2020-12-31,-44.70,BXRX
1086,2020-09-30,-29.73,BXRX
1087,2020-06-30,-17.62,BXRX
1088,2020-03-31,-6.31,BXRX
1089,2019-12-31,,BXRX
1090,2019-09-30,-43.74,BXRX
1091,,,LUCD
1092,2021-09-30,-7.83,LUCD
1093,2020-12-31,,LUCD
1094,2020-09-30,-3.95,LUCD
1095,,,QS
1096,2021-09-30,-165.70,QS
1097,2021-06-30,-98.09,QS
1098,2021-03-31,-34.70,QS
1099,2020-12-31,-85.36,QS
1100,2020-09-30,-48.03,QS
1101,2020-06-30,-31.89,QS
1102,2020-03-31,-16.42,QS
1103,2019-12-31,,QS
1104,,,RBOT
1105,2021-09-30,-23.97,RBOT
1106,2021-06-30,-0.86,RBOT
1107,2021-03-31,-0.07,RBOT
1108,2020-12-31,,RBOT
1109,2020-09-30,-8.31,RBOT
1110,,,VOR
1111,2021-09-30,,VOR
1112,2021-06-30,,VOR
1113,2021-03-31,,VOR
1114,,,RCHG
1115,2021-09-30,-0.48,RCHG
1116,2021-06-30,-0.34,RCHG
1117,2021-03-31,-0.22,RCHG
1118,2020-12-31,,RCHG
1119,2020-09-30,-0.03,RCHG
1120,,,PV
1121,2021-09-30,-0.99,PV
1122,2021-06-30,-0.83,PV
1123,2021-03-31,-0.84,PV
1124,2020-12-31,,PV
1125,2020-06-30,,PV
1126,,,LFTR
1127,2021-09-30,-0.73,LFTR
1128,2021-06-30,-0.45,LFTR
1129,2021-03-31,-0.10,LFTR
1130,2020-12-31,,LFTR
1131,2020-09-30,0.00,LFTR
1132,,,CTKB
1133,2021-09-30,-3.89,CTKB
1134,2021-06-30,-3.74,CTKB
1135,2020-12-31,,CTKB
1136,2020-09-30,2.17,CTKB
1137,2020-06-30,0.45,CTKB
1138,,,NSTC
1139,2021-12-31,-0.31,NSTC
1140,2021-09-30,,NSTC
1141,2021-06-30,-0.12,NSTC
1142,2021-03-31,0.00,NSTC
1143,2020-12-31,,NSTC
1144,,,FMIV
1145,2021-09-30,-1.10,FMIV
1146,2021-06-30,-0.88,FMIV
1147,2021-03-31,0.10,FMIV
1148,,,LAX
1149,2021-10-31,,LAX
1150,,,ARCK
1151,2021-09-30,,ARCK
1152,,,PPHP
1153,2021-09-30,,PPHP
1154,2021-06-30,,PPHP
1155,,,SGII
1156,2021-09-30,,SGII
1157,,,ARHS
1158,2021-09-30,,ARHS
1159,,,CTO
1160,2021-09-30,5.03,CTO
1161,2021-06-30,-61.47,CTO
1162,2021-03-31,-28.08,CTO
1163,2020-12-31,-65.26,CTO
1164,2020-09-30,-103.87,CTO
1165,2020-06-30,-90.97,CTO
1166,2020-03-31,-134.18,CTO
1167,2019-12-31,73.26,CTO
1168,2019-09-30,21.75,CTO
1169,2019-06-30,49.56,CTO
1170,2019-03-31,28.03,CTO
1171,2018-12-31,-55.20,CTO
1172,2018-09-30,15.80,CTO
1173,2018-06-30,9.59,CTO
1174,2018-03-31,-8.35,CTO
1175,2017-12-31,-37.08,CTO
1176,2017-09-30,-0.61,CTO
1177,2017-06-30,-1.33,CTO
1178,2017-03-31,5.91,CTO
1179,2016-12-31,-33.87,CTO
1180,2016-09-30,-7.60,CTO
1181,2016-06-30,13.72,CTO
1182,2016-03-31,-3.94,CTO
1183,2015-12-31,-35.42,CTO
1184,2015-09-30,-21.24,CTO
1185,2015-06-30,-1.58,CTO
1186,2015-03-31,-0.42,CTO
1187,2014-12-31,-27.62,CTO
1188,2014-09-30,-10.80,CTO
1189,2014-06-30,-14.79,CTO
1190,2014-03-31,-0.97,CTO
1191,2013-12-31,-2.72,CTO
1192,2013-09-30,-17.80,CTO
1193,2013-06-30,-13.39,CTO
1194,2013-03-31,-17.08,CTO
1195,2012-12-31,-13.16,CTO
1196,2012-09-30,3.08,CTO
1197,2012-06-30,3.21,CTO
1198,2012-03-31,0.71,CTO
1199,2011-12-31,-2.15,CTO
1200,2011-09-30,-0.96,CTO
1201,2011-06-30,-1.66,CTO
1202,2011-03-31,-0.59,CTO
1203,2010-12-31,-1.77,CTO
1204,2010-09-30,0.84,CTO
1205,2010-06-30,0.15,CTO
1206,2010-03-31,-0.20,CTO
1207,2009-12-31,-3.72,CTO
1208,2009-09-30,-1.08,CTO
1209,2009-06-30,-2.28,CTO
1210,2009-03-31,-2.28,CTO
1211,,,CSX
1212,2021-12-31,"3,837.00",CSX
1213,2021-09-30,"2,896.00",CSX
1214,2021-06-30,"1,872.00",CSX
1215,2021-03-31,926.00,CSX
1216,2020-12-31,"2,693.00",CSX
1217,2020-09-30,"1,970.00",CSX
1218,2020-06-30,"1,428.00",CSX
1219,2020-03-31,832.00,CSX
1220,2019-12-31,"3,447.00",CSX
1221,2019-09-30,"2,764.00",CSX
1222,2019-06-30,"1,644.00",CSX
1223,2019-03-31,868.00,CSX
1224,2018-12-31,"3,215.00",CSX
1225,2018-09-30,"2,423.00",CSX
1226,2018-06-30,"1,327.00",CSX
1227,2018-03-31,650.00,CSX
1228,2017-12-31,"1,529.00",CSX
1229,2017-09-30,"1,437.00",CSX
1230,2017-06-30,627.00,CSX
1231,2017-03-31,615.00,CSX
1232,2016-12-31,838.00,CSX
1233,2016-09-30,898.00,CSX
1234,2016-06-30,526.00,CSX
1235,2016-03-31,329.00,CSX
1236,2015-12-31,955.00,CSX
1237,2015-09-30,649.00,CSX
1238,2015-06-30,341.00,CSX
1239,2015-03-31,92.00,CSX
1240,2014-12-31,956.00,CSX
1241,2014-09-30,802.00,CSX
1242,2014-06-30,526.00,CSX
1243,2014-03-31,124.00,CSX
1244,2013-12-31,"1,007.00",CSX
1245,2013-09-30,812.00,CSX
1246,2013-06-30,494.00,CSX
1247,2013-03-31,240.00,CSX
1248,2012-12-31,791.00,CSX
1249,2012-09-30,474.00,CSX
1250,2012-06-30,68.00,CSX
1251,2012-03-31,-25.00,CSX
1252,2011-12-31,"1,434.00",CSX
1253,2011-09-30,"1,149.00",CSX
1254,2011-06-30,640.00,CSX
1255,2011-03-31,116.00,CSX
1256,2010-12-31,"1,529.00",CSX
1257,2010-09-30,"1,174.00",CSX
1258,2010-06-30,735.00,CSX
1259,2010-03-31,416.00,CSX
1260,2009-12-31,658.00,CSX
1261,2009-09-30,558.00,CSX
1262,2009-06-30,314.00,CSX
1263,2009-03-31,140.00,CSX
1264,,,VAL
1265,2021-09-30,-41.20,VAL
1266,2021-06-30,-52.20,VAL
1267,2021-03-31,-34.00,VAL
1268,2020-12-31,-293.70,VAL
1269,2020-09-30,-435.10,VAL
1270,2020-06-30,-434.40,VAL
1271,2020-03-31,-230.30,VAL
1272,2019-12-31,-486.20,VAL
1273,2019-09-30,-596.80,VAL
1274,2019-06-30,-423.70,VAL
1275,2019-03-31,-53.10,VAL
1276,2018-12-31,,VAL
1277,,,CVBF
1278,2021-09-30,135.46,CVBF
1279,2021-06-30,69.56,CVBF
1280,2021-03-31,47.43,CVBF
1281,2020-12-31,182.56,CVBF
1282,2020-09-30,137.71,CVBF
1283,2020-06-30,95.53,CVBF
1284,2020-03-31,74.65,CVBF
1285,2019-12-31,208.42,CVBF
1286,2019-09-30,149.84,CVBF
1287,2019-06-30,85.46,CVBF
1288,2019-03-31,58.48,CVBF
1289,2018-12-31,160.76,CVBF
1290,2018-09-30,113.08,CVBF
1291,2018-06-30,67.10,CVBF
1292,2018-03-31,53.35,CVBF
1293,2017-12-31,137.53,CVBF
1294,2017-09-30,107.16,CVBF
1295,2017-06-30,62.04,CVBF
1296,2017-03-31,56.15,CVBF
1297,2016-12-31,111.92,CVBF
1298,2016-09-30,95.87,CVBF
1299,2016-06-30,56.56,CVBF
1300,2016-03-31,30.42,CVBF
1301,2015-12-31,104.70,CVBF
1302,2015-09-30,84.12,CVBF
1303,2015-06-30,49.16,CVBF
1304,2015-03-31,27.96,CVBF
1305,2014-12-31,86.47,CVBF
1306,2014-09-30,65.18,CVBF
1307,2014-06-30,31.96,CVBF
1308,2014-03-31,28.65,CVBF
1309,2013-12-31,109.42,CVBF
1310,2013-09-30,70.73,CVBF
1311,2013-06-30,51.63,CVBF
1312,2013-03-31,7.27,CVBF
1313,2012-12-31,150.52,CVBF
1314,2012-09-30,111.90,CVBF
1315,2012-06-30,81.58,CVBF
1316,2012-03-31,33.86,CVBF
1317,2011-12-31,128.53,CVBF
1318,2011-09-30,95.30,CVBF
1319,2011-06-30,41.32,CVBF
1320,2011-03-31,27.33,CVBF
1321,2010-12-31,96.39,CVBF
1322,2010-09-30,63.35,CVBF
1323,2010-06-30,60.02,CVBF
1324,2010-03-31,40.14,CVBF
1325,2009-12-31,62.85,CVBF
1326,2009-09-30,66.35,CVBF
1327,2009-06-30,39.13,CVBF
1328,2009-03-31,32.93,CVBF
1329,,,HWM
1330,2021-09-30,16.00,HWM
1331,2021-06-30,-4.00,HWM
1332,2021-03-31,-61.00,HWM
1333,2020-12-31,-144.00,HWM
1334,2020-09-30,-248.00,HWM
1335,2020-06-30,-247.00,HWM
1336,2020-03-31,-246.00,HWM
1337,2019-12-31,-77.00,HWM
1338,2019-09-30,-488.00,HWM
1339,2019-06-30,-456.00,HWM
1340,2019-03-31,-422.00,HWM
1341,2018-12-31,-242.00,HWM
1342,2018-09-30,-699.00,HWM
1343,2018-06-30,-543.00,HWM
1344,2018-03-31,-553.00,HWM
1345,2017-12-31,-644.00,HWM
1346,2017-09-30,-742.00,HWM
1347,2017-06-30,-554.00,HWM
1348,2017-03-31,-508.00,HWM
1349,2016-12-31,-338.00,HWM
1350,2016-09-30,77.00,HWM
1351,2016-06-30,-77.00,HWM
1352,2016-03-31,-459.00,HWM
1353,2015-12-31,514.00,HWM
1354,2015-09-30,47.00,HWM
1355,2015-06-30,-158.00,HWM
1356,2015-03-31,-430.00,HWM
1357,2014-12-31,708.00,HWM
1358,2014-09-30,-528.00,HWM
1359,2014-06-30,-499.00,HWM
1360,2014-03-31,-760.00,HWM
1361,2013-12-31,398.00,HWM
1362,2013-09-30,-113.00,HWM
1363,2013-06-30,-77.00,HWM
1364,2013-03-31,-305.00,HWM
1365,2012-12-31,236.00,HWM
1366,2012-09-30,-299.00,HWM
1367,2012-06-30,-260.00,HWM
1368,2012-03-31,-506.00,HWM
1369,2011-12-31,906.00,HWM
1370,2011-09-30,250.00,HWM
1371,2011-06-30,86.00,HWM
1372,2011-03-31,-440.00,HWM
1373,2010-12-31,"1,246.00",HWM
1374,2010-09-30,241.00,HWM
1375,2010-06-30,65.00,HWM
1376,2010-03-31,-22.00,HWM
1377,2009-12-31,-257.00,HWM
1378,2009-09-30,"-1,018.00",HWM
1379,2009-06-30,-832.00,HWM
1380,2009-03-31,-742.00,HWM
1381,,,GOVX
1382,2021-09-30,-4.56,GOVX
1383,2021-06-30,-2.90,GOVX
1384,2021-03-31,-1.62,GOVX
1385,2020-12-31,-2.91,GOVX
1386,2020-09-30,-1.21,GOVX
1387,2020-06-30,-0.93,GOVX
1388,2020-03-31,-0.36,GOVX
1389,2019-12-31,-1.41,GOVX
1390,2019-09-30,-1.12,GOVX
1391,2019-06-30,-0.78,GOVX
1392,2019-03-31,-0.32,GOVX
1393,2018-12-31,-1.54,GOVX
1394,2018-09-30,-1.04,GOVX
1395,2018-06-30,-0.76,GOVX
1396,2018-03-31,-0.38,GOVX
1397,2017-12-31,-1.69,GOVX
1398,2017-09-30,-1.24,GOVX
1399,2017-06-30,-0.77,GOVX
1400,2017-03-31,-0.34,GOVX
1401,2016-12-31,-1.95,GOVX
1402,2016-09-30,-1.58,GOVX
1403,2016-06-30,-1.17,GOVX
1404,2016-03-31,-0.63,GOVX
1405,2015-12-31,-2.72,GOVX
1406,2015-09-30,-1.96,GOVX
1407,2015-06-30,-1.31,GOVX
1408,2015-03-31,-0.64,GOVX
1409,2014-12-31,-2.29,GOVX
1410,2014-09-30,-1.65,GOVX
1411,2014-06-30,-1.14,GOVX
1412,2014-03-31,-0.50,GOVX
1413,2013-12-31,-1.78,GOVX
1414,2013-09-30,-0.96,GOVX
1415,2013-06-30,-0.80,GOVX
1416,2013-03-31,-0.35,GOVX
1417,2012-12-31,-2.44,GOVX
1418,2012-09-30,-1.89,GOVX
1419,2012-06-30,-1.66,GOVX
1420,2012-03-31,-1.24,GOVX
1421,2011-12-31,-0.32,GOVX
1422,2011-09-30,-0.51,GOVX
1423,2011-06-30,-0.41,GOVX
1424,2011-03-31,-0.54,GOVX
1425,2010-12-31,-2.44,GOVX
1426,2010-09-30,-1.83,GOVX
1427,2010-06-30,-1.37,GOVX
1428,2010-03-31,-0.54,GOVX
1429,2009-12-31,-1.70,GOVX
1430,2009-09-30,-1.32,GOVX
1431,2009-06-30,-1.20,GOVX
1432,2009-03-31,-0.46,GOVX
1433,,,SDON
1434,2021-09-30,-0.01,SDON
1435,2021-06-30,-0.01,SDON
1436,2021-03-31,,SDON
1437,2020-12-31,-0.04,SDON
1438,2020-09-30,-0.02,SDON
1439,2020-06-30,-0.02,SDON
1440,2020-03-31,-0.01,SDON
1441,2019-12-31,-0.02,SDON
1442,2019-09-30,-0.02,SDON
1443,2019-06-30,-14.63,SDON
1444,2019-03-31,-0.01,SDON
1445,2018-12-31,-0.02,SDON
1446,2018-09-30,-0.01,SDON
1447,2018-06-30,-0.01,SDON
1448,2018-03-31,-0.01,SDON
1449,2017-12-31,-0.02,SDON
1450,2017-09-30,-0.02,SDON
1451,2017-06-30,-0.02,SDON
1452,2017-03-31,-0.01,SDON
1453,2016-12-31,-0.02,SDON
1454,2016-09-30,-0.02,SDON
1455,2016-06-30,-0.01,SDON
1456,2016-03-31,-0.01,SDON
1457,2015-12-31,-0.02,SDON
1458,2015-09-30,-0.02,SDON
1459,2015-06-30,-0.01,SDON
1460,2015-03-31,-0.01,SDON
1461,2014-12-31,-0.02,SDON
1462,2014-09-30,-0.02,SDON
1463,2014-06-30,-0.02,SDON
1464,2014-03-31,-0.02,SDON
1465,2013-12-31,-0.01,SDON
1466,2013-09-30,-0.00,SDON
1467,2013-06-30,-0.00,SDON
1468,2013-03-31,0.00,SDON
1469,2012-12-31,-0.02,SDON
1470,2012-09-30,-0.02,SDON
1471,2012-06-30,-0.00,SDON
1472,2012-03-31,-0.00,SDON
1473,2011-12-31,-0.01,SDON
1474,2011-09-30,-0.01,SDON
1475,2011-06-30,-0.01,SDON
1476,2011-03-31,-0.00,SDON
1477,2010-12-31,-0.02,SDON
1478,2010-09-30,-0.01,SDON
1479,2010-06-30,-0.01,SDON
1480,2010-03-31,-0.00,SDON
1481,2009-12-31,-0.02,SDON
1482,2009-09-30,-0.01,SDON
1483,2009-06-30,-0.01,SDON
1484,2009-03-31,-0.00,SDON
1485,,,SUI
1486,2021-09-30,-677.44,SUI
1487,2021-06-30,-380.33,SUI
1488,2021-03-31,-55.47,SUI
1489,2020-12-31,"-1,873.24",SUI
1490,2020-09-30,-143.88,SUI
1491,2020-06-30,-21.09,SUI
1492,2020-03-31,-26.07,SUI
1493,2019-12-31,-503.87,SUI
1494,2019-09-30,-374.53,SUI
1495,2019-06-30,-282.49,SUI
1496,2019-03-31,-279.18,SUI
1497,2018-12-31,29.57,SUI
1498,2018-09-30,79.01,SUI
1499,2018-06-30,-200.83,SUI
1500,2018-03-31,15.31,SUI
1501,2017-12-31,-142.36,SUI
1502,2017-09-30,-40.83,SUI
1503,2017-06-30,-10.94,SUI
1504,2017-03-31,-2.33,SUI
1505,2016-12-31,"-1,376.16",SUI
1506,2016-09-30,"-1,350.56",SUI
1507,2016-06-30,"-1,336.63",SUI
1508,2016-03-31,7.19,SUI
1509,2015-12-31,-234.07,SUI
1510,2015-09-30,-260.82,SUI
1511,2015-06-30,-219.18,SUI
1512,2015-03-31,-129.39,SUI
1513,2014-12-31,-407.90,SUI
1514,2014-09-30,-95.88,SUI
1515,2014-06-30,-124.30,SUI
1516,2014-03-31,-93.34,SUI
1517,2013-12-31,-187.92,SUI
1518,2013-09-30,-128.32,SUI
1519,2013-06-30,-111.50,SUI
1520,2013-03-31,-9.88,SUI
1521,2012-12-31,-286.03,SUI
1522,2012-09-30,-30.88,SUI
1523,2012-06-30,-16.06,SUI
1524,2012-03-31,-7.28,SUI
1525,2011-12-31,-20.55,SUI
1526,2011-09-30,-14.74,SUI
1527,2011-06-30,-8.10,SUI
1528,2011-03-31,1.52,SUI
1529,2010-12-31,11.38,SUI
1530,2010-09-30,8.47,SUI
1531,2010-06-30,11.00,SUI
1532,2010-03-31,8.43,SUI
1533,2009-12-31,14.79,SUI
1534,2009-09-30,14.76,SUI
1535,2009-06-30,15.22,SUI
1536,2009-03-31,8.63,SUI
1537,,,DAR
1538,2021-09-30,264.12,DAR
1539,2021-06-30,174.91,DAR
1540,2021-03-31,79.68,DAR
1541,2020-12-31,347.33,DAR
1542,2020-09-30,286.79,DAR
1543,2020-06-30,141.50,DAR
1544,2020-03-31,-26.67,DAR
1545,2019-12-31,21.36,DAR
1546,2019-09-30,32.99,DAR
1547,2019-06-30,-3.75,DAR
1548,2019-03-31,-27.80,DAR
1549,2018-12-31,96.05,DAR
1550,2018-09-30,-10.67,DAR
1551,2018-06-30,-8.84,DAR
1552,2018-03-31,-28.18,DAR
1553,2017-12-31,144.36,DAR
1554,2017-09-30,77.28,DAR
1555,2017-06-30,73.32,DAR
1556,2017-03-31,33.51,DAR
1557,2016-12-31,154.80,DAR
1558,2016-09-30,116.83,DAR
1559,2016-06-30,61.23,DAR
1560,2016-03-31,-6.91,DAR
1561,2015-12-31,194.95,DAR
1562,2015-09-30,136.86,DAR
1563,2015-06-30,90.31,DAR
1564,2015-03-31,8.94,DAR
1565,2014-12-31,55.52,DAR
1566,2014-09-30,28.12,DAR
1567,2014-06-30,-60.20,DAR
1568,2014-03-31,-80.54,DAR
1569,2013-12-31,94.77,DAR
1570,2013-09-30,84.65,DAR
1571,2013-06-30,75.78,DAR
1572,2013-03-31,33.50,DAR
1573,2012-12-31,137.99,DAR
1574,2012-09-30,115.41,DAR
1575,2012-06-30,90.98,DAR
1576,2012-03-31,31.11,DAR
1577,2011-12-31,182.24,DAR
1578,2011-09-30,131.15,DAR
1579,2011-06-30,91.30,DAR
1580,2011-03-31,68.22,DAR
1581,2010-12-31,57.41,DAR
1582,2010-09-30,32.41,DAR
1583,2010-06-30,17.33,DAR
1584,2010-03-31,10.22,DAR
1585,2009-12-31,57.46,DAR
1586,2009-09-30,37.21,DAR
1587,2009-06-30,22.15,DAR
1588,2009-03-31,1.30,DAR
