,cik,company.name,ticker,date.filed,period.of.report,90_DAYS,Filed_Close_Price,90_Days_Close_Price,Price_Change,Pct_Change_Price
0,1013880,TELETECH HOLDINGS INC,TTEC,2017-05-09,3/31/17,2017-08-07,32.45000076293945,40.849998474121094,8.39999771118164,0.25885970766370897
1,1013880,TELETECH HOLDINGS INC,TTEC,2017-11-08,9/30/17,2018-02-06,41.20000076293945,36.20000076293945,-5.0,-0.12135922105364715
2,1013880,TTEC Holdings  Inc ,TTEC,2018-05-10,3/31/18,2018-08-08,32.79999923706055,26.25,-6.549999237060547,-0.19969510333584817
3,1013880,TTEC Holdings  Inc ,TTEC,2018-08-07,6/30/18,2018-11-05,32.79999923706055,25.270000457763672,-7.529998779296875,-0.2295731388551
4,1013880,TTEC Holdings  Inc ,TTEC,2018-11-07,9/30/18,2019-02-05,25.43000030517578,33.65999984741211,8.229999542236328,0.3236334818510117
5,1013880,TTEC Holdings  Inc ,TTEC,2019-05-07,3/31/19,2019-08-05,35.959999084472656,43.75,7.790000915527344,0.21662961940649844
6,1013880,TTEC Holdings  Inc ,TTEC,2019-08-07,6/30/19,2019-11-05,44.91999816894531,47.439998626708984,2.520000457763672,0.05609974533582755
7,1013880,TTEC Holdings  Inc ,TTEC,2019-11-05,9/30/19,2020-02-03,47.439998626708984,40.72999954223633,-6.709999084472656,-0.1414418060437061
8,1013880,TTEC Holdings  Inc ,TTEC,2020-08-05,6/30/20,2020-11-03,52.459999084472656,58.5099983215332,6.049999237060547,0.11532595010759832
9,1013880,TTEC Holdings  Inc ,TTEC,2020-11-04,9/30/20,2021-02-02,61.29999923706055,81.06999969482422,19.770000457763672,0.32251224639185955
10,1013880,TTEC Holdings  Inc ,TTEC,2021-05-04,3/31/21,2021-08-02,102.7699966430664,102.19000244140625,-0.5799942016601562,-0.005643614095605663
11,1013880,TTEC Holdings  Inc ,TTEC,2021-08-03,6/30/21,2021-11-01,102.41000366210938,97.05999755859375,-5.350006103515625,-0.05224104982133763
12,1013880,TTEC Holdings  Inc ,TTEC,2021-11-09,9/30/21,2022-02-07,100.94000244140625,75.12999725341797,-25.81000518798828,-0.2556964985509139
13,1016281,CARRIAGE SERVICES INC,CSV,2017-04-26,3/31/17,2017-07-25,28.81999969482422,26.799999237060547,-2.020000457763672,-0.07009023175411218
14,1016281,CARRIAGE SERVICES INC,CSV,2017-07-28,6/30/17,2017-10-26,24.90999984741211,25.899999618530273,0.9899997711181641,0.03974306612535025
15,1016281,CARRIAGE SERVICES INC,CSV,2017-10-25,9/30/17,2018-01-23,24.010000228881836,26.610000610351562,2.6000003814697266,0.10828822810014653
16,1016281,CARRIAGE SERVICES INC,CSV,2018-04-27,3/31/18,2018-07-26,26.850000381469727,24.6299991607666,-2.220001220703125,-0.08268160853491972
17,1016281,CARRIAGE SERVICES INC,CSV,2018-07-31,6/30/18,2018-10-29,24.989999771118164,18.889999389648438,-6.100000381469727,-0.24409765655619234
18,1016281,CARRIAGE SERVICES INC,CSV,2018-11-01,9/30/18,2019-01-30,14.970000267028809,19.610000610351562,4.640000343322754,0.30995325721819006
19,1016281,CARRIAGE SERVICES INC,CSV,2019-05-02,3/31/19,2019-07-31,17.770000457763672,19.1200008392334,1.3500003814697266,0.07597075670754497
20,1016281,CARRIAGE SERVICES INC,CSV,2019-08-01,6/30/19,2019-10-30,22.34000015258789,26.15999984741211,3.8199996948242188,0.17099371838552588
21,1016281,CARRIAGE SERVICES INC,CSV,2019-10-30,9/30/19,2020-01-28,26.15999984741211,24.459999084472656,-1.7000007629394531,-0.06498473902352207
22,1016281,CARRIAGE SERVICES INC,CSV,2020-05-27,3/31/20,2020-08-25,18.940000534057617,22.56999969482422,3.6299991607666016,0.19165781723391154
23,1016281,CARRIAGE SERVICES INC,CSV,2020-08-04,6/30/20,2020-11-02,22.34000015258789,26.270000457763672,3.9300003051757812,0.17591764898535714
24,1016281,CARRIAGE SERVICES INC,CSV,2020-11-03,9/30/20,2021-02-01,27.739999771118164,33.279998779296875,5.539999008178711,0.19971157368021134
25,1016281,CARRIAGE SERVICES INC,CSV,2021-05-05,3/31/21,2021-08-03,38.619998931884766,36.9900016784668,-1.6299972534179688,-0.04220604087257597
26,1016281,CARRIAGE SERVICES INC,CSV,2021-08-04,6/30/21,2021-11-02,36.93000030517578,48.619998931884766,11.689998626708984,0.31654477471181114
27,1016281,CARRIAGE SERVICES INC,CSV,2021-11-03,9/30/21,2022-02-01,48.29999923706055,49.83000183105469,1.5300025939941406,0.031677072839789426
28,1028918,PACIFIC PREMIER BANCORP INC,PPBI,2017-05-10,5/10/17,2017-08-08,37.20000076293945,36.45000076293945,-0.75,-0.02016128990909023
29,1028918,PACIFIC PREMIER BANCORP INC,PPBI,2017-08-04,6/30/17,2017-11-02,36.0,39.0,3.0,0.08333333333333333
30,1028918,PACIFIC PREMIER BANCORP INC,PPBI,2017-11-07,9/30/17,2018-02-05,37.599998474121094,39.54999923706055,1.9500007629394531,0.05186172452324906
31,1028918,PACIFIC PREMIER BANCORP INC,PPBI,2018-05-10,3/31/18,2018-08-08,41.20000076293945,37.099998474121094,-4.100002288818359,-0.0995146168178333
32,1028918,PACIFIC PREMIER BANCORP INC,PPBI,2018-08-08,6/30/18,2018-11-06,37.099998474121094,30.360000610351562,-6.739997863769531,-0.1816711089212303
33,1028918,PACIFIC PREMIER BANCORP INC,PPBI,2018-11-08,9/30/18,2019-02-06,30.989999771118164,29.899999618530273,-1.0900001525878906,-0.03517264151785316
34,1028918,PACIFIC PREMIER BANCORP INC,PPBI,2019-05-08,3/31/19,2019-08-06,30.450000762939453,28.950000762939453,-1.5,-0.04926108250958216
35,1028918,PACIFIC PREMIER BANCORP INC,PPBI,2019-08-08,6/30/19,2019-11-06,29.030000686645508,34.189998626708984,5.159997940063477,0.17774708294916433
36,1028918,PACIFIC PREMIER BANCORP INC,PPBI,2019-11-07,9/30/19,2020-02-05,34.18000030517578,30.790000915527344,-3.3899993896484375,-0.09918078874724584
37,1028918,PACIFIC PREMIER BANCORP INC,PPBI,2020-05-08,3/31/20,2020-08-06,20.739999771118164,21.43000030517578,0.6900005340576172,0.033269071440323206
38,1028918,PACIFIC PREMIER BANCORP INC,PPBI,2020-08-07,6/30/20,2020-11-05,22.530000686645508,26.440000534057617,3.9099998474121094,0.17354637053915994
39,1028918,PACIFIC PREMIER BANCORP INC,PPBI,2020-11-06,9/30/20,2021-02-04,26.079999923706055,36.040000915527344,9.960000991821289,0.38190187963796357
40,1028918,PACIFIC PREMIER BANCORP INC,PPBI,2021-05-07,3/31/21,2021-08-05,46.400001525878906,38.59000015258789,-7.810001373291016,-0.16831898957880648
41,1028918,PACIFIC PREMIER BANCORP INC,PPBI,2021-08-06,6/30/21,2021-11-04,39.95000076293945,43.459999084472656,3.509998321533203,0.08785978108889887
42,1028918,PACIFIC PREMIER BANCORP INC,PPBI,2021-11-05,9/30/21,2022-02-03,44.52000045776367,37.779998779296875,-6.740001678466797,-0.1513926686694684
43,1039828,AMERICAN EQUITY INVESTMENT LIFE HOLDING CO,AEL,2017-05-09,3/31/17,2017-08-07,23.809999465942383,27.350000381469727,3.5400009155273438,0.1486770682456726
44,1039828,AMERICAN EQUITY INVESTMENT LIFE HOLDING CO,AEL,2017-11-09,9/30/17,2018-02-07,28.5,30.520000457763672,2.020000457763672,0.07087720904433936
45,1039828,AMERICAN EQUITY INVESTMENT LIFE HOLDING CO,AEL,2018-05-08,3/31/18,2018-08-06,29.270000457763672,35.54999923706055,6.279998779296875,0.2145541059474479
46,1039828,AMERICAN EQUITY INVESTMENT LIFE HOLDING CO,AEL,2018-08-08,6/30/18,2018-11-06,36.81999969482422,33.790000915527344,-3.029998779296875,-0.08229220001114779
47,1039828,AMERICAN EQUITY INVESTMENT LIFE HOLDING CO,AEL,2018-11-06,9/30/18,2019-02-04,33.790000915527344,31.700000762939453,-2.0900001525878906,-0.0618526219579794
48,1039828,AMERICAN EQUITY INVESTMENT LIFE HOLDING CO,AEL,2019-05-08,3/31/19,2019-08-06,29.350000381469727,22.75,-6.600000381469727,-0.2248722417610826
49,1039828,AMERICAN EQUITY INVESTMENT LIFE HOLDING CO,AEL,2019-08-08,6/30/19,2019-11-06,23.1299991607666,26.1299991607666,3.0,0.1297016908279287
50,1039828,AMERICAN EQUITY INVESTMENT LIFE HOLDING CO,AEL,2019-11-08,9/30/19,2020-02-06,28.399999618530273,29.149999618530273,0.75,0.02640845105894453
51,1039828,AMERICAN EQUITY INVESTMENT LIFE HOLDING CO,AEL,2020-11-06,9/30/20,2021-02-04,23.93000030517578,30.049999237060547,6.119998931884766,0.25574587771990465
52,1039828,AMERICAN EQUITY INVESTMENT LIFE HOLDING CO,AEL-PA,2020-11-06,9/30/20,2021-02-04,25.670000076293945,25.969999313354492,0.2999992370605469,0.011686764167078985
53,1039828,AMERICAN EQUITY INVESTMENT LIFE HOLDING CO,AEL-PB,2020-11-06,9/30/20,2021-02-04,26.790000915527344,27.0,0.20999908447265625,0.007838711358570423
54,1039828,AMERICAN EQUITY INVESTMENT LIFE HOLDING CO,AEL,2021-11-09,9/30/21,2022-02-07,35.04999923706055,42.099998474121094,7.049999237060547,0.20114120942993186
55,1039828,AMERICAN EQUITY INVESTMENT LIFE HOLDING CO,AEL-PA,2021-11-09,9/30/21,2022-02-07,28.1200008392334,25.959999084472656,-2.160001754760742,-0.07681371587112754
56,1039828,AMERICAN EQUITY INVESTMENT LIFE HOLDING CO,AEL-PB,2021-11-09,9/30/21,2022-02-07,28.809999465942383,26.760000228881836,-2.049999237060547,-0.07115582350093219
57,1040829,Ryman Hospitality Properties  Inc ,RHP,2017-05-04,3/31/17,2017-08-02,63.689998626708984,61.849998474121094,-1.8400001525878906,-0.02888993864440546
58,1040829,Ryman Hospitality Properties  Inc ,RHP,2017-08-08,6/30/17,2017-11-06,60.630001068115234,66.04000091552734,5.409999847412109,0.08922975015841092
59,1040829,Ryman Hospitality Properties  Inc ,RHP,2017-11-07,9/30/17,2018-02-05,64.88999938964844,69.58000183105469,4.69000244140625,0.07227619795839328
60,1040829,Ryman Hospitality Properties  Inc ,RHP,2018-05-03,3/31/18,2018-08-01,79.27999877929688,85.30999755859375,6.029998779296875,0.07605952159615251
61,1040829,Ryman Hospitality Properties  Inc ,RHP,2018-08-08,6/30/18,2018-11-06,82.7300033569336,74.08000183105469,-8.650001525878906,-0.1045570068280911
62,1040829,Ryman Hospitality Properties  Inc ,RHP,2018-11-07,9/30/18,2019-02-05,76.16000366210938,80.5999984741211,4.439994812011719,0.05829824840489964
63,1040829,Ryman Hospitality Properties  Inc ,RHP,2019-05-07,3/31/19,2019-08-05,85.0999984741211,72.16999816894531,-12.930000305175781,-0.1519389017275693
64,1040829,Ryman Hospitality Properties  Inc ,RHP,2019-08-06,6/30/19,2019-11-04,76.0,86.16000366210938,10.160003662109375,0.13368425871196546
65,1040829,Ryman Hospitality Properties  Inc ,RHP,2019-11-05,9/30/19,2020-02-03,89.1500015258789,85.94999694824219,-3.2000045776367188,-0.03589461046400325
66,1040829,Ryman Hospitality Properties  Inc ,RHP,2020-05-07,3/31/20,2020-08-05,29.780000686645508,32.91999816894531,3.1399974822998047,0.10543980557085413
67,1040829,Ryman Hospitality Properties  Inc ,RHP,2020-08-06,6/30/20,2020-11-04,33.880001068115234,40.52000045776367,6.6399993896484375,0.19598580815563785
68,1040829,Ryman Hospitality Properties  Inc ,RHP,2020-11-03,9/30/20,2021-02-01,40.86000061035156,66.98999786376953,26.12999725341797,0.6395006574424313
69,1040829,Ryman Hospitality Properties  Inc ,RHP,2021-05-04,3/31/21,2021-08-02,76.05000305175781,75.94999694824219,-0.100006103515625,-0.0013150045956942728
70,1040829,Ryman Hospitality Properties  Inc ,RHP,2021-08-03,6/30/21,2021-11-01,76.94999694824219,87.80999755859375,10.860000610351562,0.14113061781738828
71,1040829,Ryman Hospitality Properties  Inc ,RHP,2021-11-02,9/30/21,2022-01-31,89.36000061035156,88.4000015258789,-0.9599990844726562,-0.010743051453845322
72,1096056,LUXFER HOLDINGS PLC,LXFR,2019-05-01,3/31/19,2019-07-30,23.940000534057617,20.5,-3.440000534057617,-0.14369258384784872
73,1096056,LUXFER HOLDINGS PLC,LXFR,2019-07-31,6/30/19,2019-10-29,19.81999969482422,17.09000015258789,-2.729999542236328,-0.13773963593698937
74,1096056,LUXFER HOLDINGS PLC,LXFR,2019-10-30,9/29/19,2020-01-28,17.09000015258789,17.059999465942383,-0.030000686645507812,-0.0017554526844732001
75,1099590,MERCADOLIBRE INC,MELI,2017-05-05,3/31/17,2017-08-03,275.1600036621094,292.3800048828125,17.220001220703125,0.06258177420963011
76,1099590,MERCADOLIBRE INC,MELI,2017-08-04,6/30/17,2017-11-02,260.4700012207031,236.0,-24.470001220703125,-0.0939455641955829
77,1099590,MERCADOLIBRE INC,MELI,2017-11-03,9/30/17,2018-02-01,267.3500061035156,378.760009765625,111.41000366210938,0.41671966006603484
78,1099590,MERCADOLIBRE INC,MELI,2018-05-10,3/31/18,2018-08-08,316.6300048828125,344.42999267578125,27.79998779296875,0.08779960005135258
79,1099590,MERCADOLIBRE INC,MELI,2018-08-09,6/30/18,2018-11-07,384.3900146484375,349.55999755859375,-34.83001708984375,-0.09061113911010209
80,1099590,MERCADOLIBRE INC,MELI,2018-11-02,9/30/18,2019-01-31,354.3900146484375,364.0,9.6099853515625,0.027116975519459293
81,1099590,MERCADOLIBRE INC,MELI,2019-05-03,3/31/19,2019-08-01,578.9400024414062,626.4500122070312,47.510009765625,0.0820637882427781
82,1099590,MERCADOLIBRE INC,MELI,2019-08-08,6/30/19,2019-11-06,688.0999755859375,482.95001220703125,-205.14996337890625,-0.2981397626183826
83,1099590,MERCADOLIBRE INC,MELI,2019-11-01,9/30/19,2020-01-30,490.0,671.0800170898438,181.08001708984375,0.3695510552853954
84,1099590,MERCADOLIBRE INC,MELI,2020-05-06,3/31/20,2020-08-04,742.8800048828125,1173.9300537109375,431.050048828125,0.5802418237062688
85,1099590,MERCADOLIBRE INC,MELI,2020-11-05,9/30/20,2021-02-03,1437.800048828125,1870.52001953125,432.719970703125,0.3009597690971093
86,1099590,MERCADOLIBRE INC,MELI,2021-05-06,3/31/21,2021-08-04,1446.3399658203125,1570.0,123.6600341796875,0.08549859445358819
87,1099590,MERCADOLIBRE INC,MELI,2021-08-05,6/30/21,2021-11-03,1786.1099853515625,1531.9300537109375,-254.179931640625,-0.1423092271613914
88,1099590,MERCADOLIBRE INC,MELI,2021-11-05,9/30/21,2022-02-03,1629.760009765625,999.739990234375,-630.02001953125,-0.3865722657054598
89,1101239,EQUINIX INC,EQIX,2017-05-05,3/31/17,2017-08-03,426.25,449.3599853515625,23.1099853515625,0.05421697443181818
90,1101239,EQUINIX INC,EQIX,2017-08-04,6/30/17,2017-11-02,445.5799865722656,488.67999267578125,43.100006103515625,0.09672787692973621
91,1101239,EQUINIX INC,EQIX,2017-11-03,9/30/17,2018-02-01,486.6499938964844,444.5400085449219,-42.1099853515625,-0.08653033161348347
92,1101239,EQUINIX INC,EQIX,2018-05-04,3/31/18,2018-08-02,403.8800048828125,447.8900146484375,44.010009765625,0.10896803316221285
93,1101239,EQUINIX INC,EQIX,2018-08-08,6/30/18,2018-11-06,447.5,396.0400085449219,-51.459991455078125,-0.11499439431302375
94,1101239,EQUINIX INC,EQIX,2018-11-02,9/30/18,2019-01-31,392.42999267578125,394.0,1.57000732421875,0.004000732241472334
95,1101239,EQUINIX INC,EQIX,2019-05-03,3/31/19,2019-08-01,476.989990234375,522.75,45.760009765625,0.09593494769804341
96,1101239,EQUINIX INC,EQIX,2019-08-02,6/30/19,2019-10-31,524.0900268554688,566.780029296875,42.69000244140625,0.08145547568906346
97,1101239,EQUINIX INC,EQIX,2019-11-01,9/30/19,2020-01-30,562.239990234375,603.0,40.760009765625,0.0724957499886015
98,1101239,EQUINIX INC,EQIX,2020-05-07,3/31/20,2020-08-05,675.3400268554688,794.0399780273438,118.699951171875,0.17576323992606807
99,1101239,EQUINIX INC,EQIX,2020-07-31,6/30/20,2020-10-29,785.47998046875,740.6799926757812,-44.79998779296875,-0.05703517455178617
100,1101239,EQUINIX INC,EQIX,2020-10-30,9/30/20,2021-01-28,731.239990234375,738.22998046875,6.989990234375,0.009559091854555968
101,1101239,EQUINIX INC,EQIX,2021-04-30,3/31/21,2021-07-29,720.760009765625,786.3800048828125,65.6199951171875,0.09104278015996704
102,1101239,EQUINIX INC,EQIX,2021-07-30,6/30/21,2021-10-28,820.4099731445312,847.2999877929688,26.8900146484375,0.032776313707366764
103,1101239,EQUINIX INC,EQIX,2021-11-04,9/30/21,2022-02-02,803.5900268554688,716.5499877929688,-87.0400390625,-0.10831398617911762
104,1158324,COGENT COMMUNICATIONS HOLDINGS  INC ,CCOI,2017-05-04,3/31/17,2017-08-02,41.20000076293945,40.599998474121094,-0.6000022888183594,-0.014563162080280303
105,1158324,COGENT COMMUNICATIONS HOLDINGS  INC ,CCOI,2017-08-03,6/30/17,2017-11-01,42.349998474121094,53.54999923706055,11.200000762939453,0.26446283746110316
106,1158324,COGENT COMMUNICATIONS HOLDINGS  INC ,CCOI,2017-11-02,9/30/17,2018-01-31,47.0,45.099998474121094,-1.9000015258789062,-0.04042556438040226
107,1158324,COGENT COMMUNICATIONS HOLDINGS  INC ,CCOI,2018-05-03,3/31/18,2018-08-01,49.099998474121094,52.45000076293945,3.3500022888183594,0.06822815464208272
108,1158324,COGENT COMMUNICATIONS HOLDINGS  INC ,CCOI,2018-08-02,6/30/18,2018-10-31,51.099998474121094,51.97999954223633,0.8800010681152344,0.0172211564460398
109,1158324,COGENT COMMUNICATIONS HOLDINGS  INC ,CCOI,2018-11-01,9/30/18,2019-01-30,49.59000015258789,47.290000915527344,-2.299999237060547,-0.046380303084966205
110,1158324,COGENT COMMUNICATIONS HOLDINGS  INC ,CCOI,2019-05-02,3/31/19,2019-07-31,54.939998626708984,63.0099983215332,8.069999694824219,0.14688751176817472
111,1158324,COGENT COMMUNICATIONS HOLDINGS  INC ,CCOI,2019-08-08,6/30/19,2019-11-06,56.70000076293945,57.459999084472656,0.7599983215332031,0.01340385028759924
112,1158324,COGENT COMMUNICATIONS HOLDINGS  INC ,CCOI,2019-11-07,9/30/19,2020-02-05,60.83000183105469,71.81999969482422,10.989997863769531,0.18066739327564776
113,1158324,COGENT COMMUNICATIONS HOLDINGS  INC ,CCOI,2020-05-07,3/31/20,2020-08-05,78.44000244140625,85.88999938964844,7.4499969482421875,0.09497701066247731
114,1158324,COGENT COMMUNICATIONS HOLDINGS  INC ,CCOI,2020-08-06,6/30/20,2020-11-04,79.05000305175781,57.290000915527344,-21.76000213623047,-0.27526883360122273
115,1158324,COGENT COMMUNICATIONS HOLDINGS  INC ,CCOI,2020-11-05,9/30/20,2021-02-03,55.040000915527344,59.5099983215332,4.469997406005859,0.08121361431054823
116,1158324,COGENT COMMUNICATIONS HOLDINGS  INC ,CCOI,2021-04-28,3/31/21,2021-07-27,68.55999755859375,76.30000305175781,7.7400054931640625,0.11289389977806207
117,1158324,COGENT COMMUNICATIONS HOLDINGS  INC ,CCOI,2021-08-05,6/30/21,2021-11-03,75.48999786376953,76.91000366210938,1.4200057983398438,0.01881051581035158
118,1158324,COGENT COMMUNICATIONS HOLDINGS  INC ,CCOI,2021-11-04,9/30/21,2022-02-02,77.33000183105469,63.939998626708984,-13.390003204345703,-0.17315405259654937
119,1297996,Digital Realty Trust  Inc ,DLR,2017-05-10,3/31/17,2017-08-08,114.43000030517578,113.7699966430664,-0.660003662109375,-0.005767750243373218
120,1297996,Digital Realty Trust  Inc ,DLR,2017-08-09,6/30/17,2017-11-07,114.41000366210938,122.01000213623047,7.599998474121094,0.06642774434800654
121,1297996,Digital Realty Trust  Inc ,DLR-PJ,2017-08-09,6/30/17,2017-11-07,24.59000015258789,25.149999618530273,0.5599994659423828,0.022773463296764055
122,1297996,Digital Realty Trust  Inc ,DLR,2017-11-09,9/30/17,2018-02-07,122.23999786376953,104.16999816894531,-18.06999969482422,-0.14782395296637968
123,1297996,Digital Realty Trust  Inc ,DLR-PJ,2017-11-09,9/30/17,2018-02-07,25.100000381469727,23.229999542236328,-1.8700008392333984,-0.07450202433518452
124,1297996,Digital Realty Trust  Inc ,DLR,2018-05-08,3/31/18,2018-08-06,104.54000091552734,122.08000183105469,17.540000915527344,0.1677826742100413
125,1297996,Digital Realty Trust  Inc ,DLR-PJ,2018-05-08,3/31/18,2018-08-06,23.18000030517578,24.18000030517578,1.0,0.0431406379134824
126,1297996,Digital Realty Trust  Inc ,DLR,2018-08-07,6/30/18,2018-11-05,122.12999725341797,110.4800033569336,-11.649993896484375,-0.09539011019799506
127,1297996,Digital Realty Trust  Inc ,DLR-PJ,2018-08-07,6/30/18,2018-11-05,24.209999084472656,22.170000076293945,-2.039999008178711,-0.0842626635821348
128,1297996,Digital Realty Trust  Inc ,DLR,2018-11-02,9/30/18,2019-01-31,107.52999877929688,108.33999633789062,0.80999755859375,0.007532758930428833
129,1297996,Digital Realty Trust  Inc ,DLR-PJ,2018-11-02,9/30/18,2019-01-31,21.98040008544922,23.440000534057617,1.4596004486083984,0.06640463517197932
130,1297996,Digital Realty Trust  Inc ,DLR,2019-05-10,3/31/19,2019-08-08,117.58000183105469,119.73999786376953,2.1599960327148438,0.018370437141329892
131,1297996,Digital Realty Trust  Inc ,DLR-PK,2019-05-10,3/31/19,2019-08-08,25.43000030517578,26.25,0.8199996948242188,0.032245367085478316
132,1297996,Digital Realty Trust  Inc ,DLR-PJ,2019-05-10,3/31/19,2019-08-08,24.709999084472656,25.770000457763672,1.0600013732910156,0.042897669468434034
133,1297996,DIGITAL REALTY TRUST  INC ,DLR,2019-08-07,6/30/19,2019-11-05,118.52999877929688,123.33000183105469,4.8000030517578125,0.04049610310631513
134,1297996,DIGITAL REALTY TRUST  INC ,DLR-PK,2019-08-07,6/30/19,2019-11-05,26.155000686645508,27.1200008392334,0.9650001525878906,0.03689543594929479
135,1297996,DIGITAL REALTY TRUST  INC ,DLR-PJ,2019-08-07,6/30/19,2019-11-05,25.690000534057617,25.899999618530273,0.20999908447265625,0.00817435111354931
136,1297996,DIGITAL REALTY TRUST  INC ,DLR,2019-11-08,9/30/19,2020-02-06,116.56999969482422,124.0199966430664,7.4499969482421875,0.0639100709251608
137,1297996,DIGITAL REALTY TRUST  INC ,DLR-PK,2019-11-08,9/30/19,2020-02-06,26.889999389648438,27.948999404907227,1.059000015258789,0.03938267159896111
138,1297996,DIGITAL REALTY TRUST  INC ,DLR-PJ,2019-11-08,9/30/19,2020-02-06,25.700000762939453,26.579999923706055,0.8799991607666016,0.03424121146469379
139,1297996,DIGITAL REALTY TRUST  INC ,DLR-PL,2019-11-08,9/30/19,2020-02-06,25.350000381469727,26.260000228881836,0.9099998474121094,0.03589742933800106
140,1297996,DIGITAL REALTY TRUST  INC ,DLR,2020-11-06,9/30/20,2021-02-04,146.67999267578125,145.0500030517578,-1.6299896240234375,-0.011112555940920562
141,1297996,DIGITAL REALTY TRUST  INC ,DLR-PK,2020-11-06,9/30/20,2021-02-04,27.81999969482422,27.3700008392334,-0.4499988555908203,-0.016175372412909856
142,1297996,DIGITAL REALTY TRUST  INC ,DLR-PJ,2020-11-06,9/30/20,2021-02-04,26.270000457763672,26.18000030517578,-0.09000015258789062,-0.003425966921187949
143,1297996,DIGITAL REALTY TRUST  INC ,DLR-PL,2020-11-06,9/30/20,2021-02-04,26.610000610351562,26.950000762939453,0.3400001525878906,0.012777156887986958
144,1297996,DIGITAL REALTY TRUST  INC ,DLR,2021-05-07,3/31/21,2021-08-05,151.17999267578125,155.9600067138672,4.7800140380859375,0.03161803326936982
145,1297996,DIGITAL REALTY TRUST  INC ,DLR-PK,2021-05-07,3/31/21,2021-08-05,28.139999389648438,28.09000015258789,-0.049999237060546875,-0.0017768030613014001
146,1297996,DIGITAL REALTY TRUST  INC ,DLR-PJ,2021-05-07,3/31/21,2021-08-05,26.790000915527344,26.3700008392334,-0.4200000762939453,-0.0156774939134293
147,1297996,DIGITAL REALTY TRUST  INC ,DLR-PL,2021-05-07,3/31/21,2021-08-05,27.399999618530273,27.899999618530273,0.5,0.018248175436537464
148,1297996,DIGITAL REALTY TRUST  INC ,DLR,2021-08-06,6/30/21,2021-11-04,157.0800018310547,156.16000366210938,-0.9199981689453125,-0.005856876484727855
149,1297996,DIGITAL REALTY TRUST  INC ,DLR-PK,2021-08-06,6/30/21,2021-11-04,28.010000228881836,27.809999465942383,-0.20000076293945312,-0.007140334212965381
150,1297996,DIGITAL REALTY TRUST  INC ,DLR-PJ,2021-08-06,6/30/21,2021-11-04,26.329999923706055,26.079999923706055,-0.25,-0.009494872796217291
151,1297996,DIGITAL REALTY TRUST  INC ,DLR-PL,2021-08-06,6/30/21,2021-11-04,27.81999969482422,27.600000381469727,-0.2199993133544922,-0.007907955275622165
152,1297996,DIGITAL REALTY TRUST  INC ,DLR,2021-11-05,9/30/21,2022-02-03,155.47000122070312,147.0,-8.470001220703125,-0.05447997140412461
153,1297996,DIGITAL REALTY TRUST  INC ,DLR-PK,2021-11-05,9/30/21,2022-02-03,27.989999771118164,26.549999237060547,-1.4400005340576172,-0.05144696483861711
154,1297996,DIGITAL REALTY TRUST  INC ,DLR-PJ,2021-11-05,9/30/21,2022-02-03,26.350000381469727,25.200000762939453,-1.1499996185302734,-0.04364324864826168
155,1297996,DIGITAL REALTY TRUST  INC ,DLR-PL,2021-11-05,9/30/21,2022-02-03,27.670000076293945,25.635000228881836,-2.0349998474121094,-0.07354535026386139
156,1301236,Sotherly Hotels Inc ,SOHO,2017-05-12,3/31/17,2017-08-10,6.190000057220459,6.230000019073486,0.039999961853027344,0.006462029318783047
157,1301236,Sotherly Hotels Inc ,SOHOB,2017-05-12,3/31/17,2017-08-10,25.600000381469727,25.399999618530273,-0.20000076293945312,-0.007812529685906624
158,1301236,Sotherly Hotels Inc ,SOHO,2017-08-10,6/30/17,2017-11-08,6.230000019073486,6.599999904632568,0.36999988555908203,0.05939002960293854
159,1301236,Sotherly Hotels Inc ,SOHOB,2017-08-10,6/30/17,2017-11-08,25.399999618530273,25.350000381469727,-0.049999237060546875,-0.0019684739295850427
160,1301236,Sotherly Hotels Inc ,SOHO,2017-11-08,9/30/17,2018-02-06,6.599999904632568,5.96999979019165,-0.630000114440918,-0.09545456417335979
161,1301236,Sotherly Hotels Inc ,SOHOO,2017-11-08,9/30/17,2018-02-06,25.200000762939453,25.100000381469727,-0.10000038146972656,-0.0039682689858006985
162,1301236,Sotherly Hotels Inc ,SOHOB,2017-11-08,9/30/17,2018-02-06,25.350000381469727,25.219999313354492,-0.13000106811523438,-0.005128247185757922
163,1301236,Sotherly Hotels Inc ,SOHO,2018-05-10,3/31/18,2018-08-08,6.820000171661377,7.130000114440918,0.309999942779541,0.045454535920344985
164,1301236,Sotherly Hotels Inc ,SOHOO,2018-05-10,3/31/18,2018-08-08,25.25,25.149999618530273,-0.10000038146972656,-0.003960411147315904
165,1301236,Sotherly Hotels Inc ,SOHOB,2018-05-10,3/31/18,2018-08-08,25.149999618530273,25.420000076293945,0.2700004577636719,0.01073560484528748
166,1301236,Sotherly Hotels Inc ,SOHO,2018-08-09,6/30/18,2018-11-07,7.039999961853027,6.860000133514404,-0.17999982833862305,-0.025568157573007223
167,1301236,Sotherly Hotels Inc ,SOHOO,2018-08-09,6/30/18,2018-11-07,25.149999618530273,24.87700080871582,-0.2729988098144531,-0.010854823616510526
168,1301236,Sotherly Hotels Inc ,SOHOB,2018-08-09,6/30/18,2018-11-07,25.420000076293945,24.93000030517578,-0.48999977111816406,-0.01927615144168019
169,1301236,Sotherly Hotels Inc ,SOHO,2018-11-09,9/30/18,2019-02-07,6.690000057220459,6.989999771118164,0.2999997138977051,0.04484300617814166
170,1301236,Sotherly Hotels Inc ,SOHOO,2018-11-09,9/30/18,2019-02-07,24.700000762939453,23.850000381469727,-0.8500003814697266,-0.03441296984674956
171,1301236,Sotherly Hotels Inc ,SOHOB,2018-11-09,9/30/18,2019-02-07,24.57699966430664,24.69099998474121,0.11400032043457031,0.004638496235980091
172,1301236,Sotherly Hotels Inc ,SOHO,2019-05-08,3/31/19,2019-08-06,7.039999961853027,6.840000152587891,-0.19999980926513672,-0.028409063970008027
173,1301236,Sotherly Hotels Inc ,SOHOO,2019-05-08,3/31/19,2019-08-06,25.420000076293945,25.0310001373291,-0.38899993896484375,-0.015302908646629601
174,1301236,Sotherly Hotels Inc ,SOHON,2019-05-08,3/31/19,2019-08-06,25.257999420166016,25.716999053955078,0.4589996337890625,0.018172446128991382
175,1301236,Sotherly Hotels Inc ,SOHOB,2019-05-08,3/31/19,2019-08-06,25.427000045776367,25.059999465942383,-0.3670005798339844,-0.014433499003943494
176,1301236,Sotherly Hotels Inc ,SOHO,2019-08-08,6/30/19,2019-11-06,6.949999809265137,6.449999809265137,-0.5,-0.07194244801754432
177,1301236,Sotherly Hotels Inc ,SOHOO,2019-08-08,6/30/19,2019-11-06,25.15999984741211,25.496999740600586,0.33699989318847656,0.013394272465511937
178,1301236,Sotherly Hotels Inc ,SOHON,2019-08-08,6/30/19,2019-11-06,25.670000076293945,25.740999221801758,0.0709991455078125,0.0027658412659445093
179,1301236,Sotherly Hotels Inc ,SOHOB,2019-08-08,6/30/19,2019-11-06,25.139999389648438,25.926000595092773,0.7860012054443359,0.03126496517609213
180,1301236,Sotherly Hotels Inc ,SOHO,2019-11-12,9/30/19,2020-02-10,6.440000057220459,6.150000095367432,-0.28999996185302734,-0.04503104957706988
181,1301236,Sotherly Hotels Inc ,SOHOO,2019-11-12,9/30/19,2020-02-10,25.32699966430664,26.5,1.1730003356933594,0.046314223999713224
182,1301236,Sotherly Hotels Inc ,SOHON,2019-11-12,9/30/19,2020-02-10,25.780000686645508,26.68199920654297,0.9019985198974609,0.03498830472742043
183,1301236,Sotherly Hotels Inc ,SOHOB,2019-11-12,9/30/19,2020-02-10,25.76099967956543,26.200000762939453,0.43900108337402344,0.017041306192874774
184,1301236,Sotherly Hotels Inc ,SOHO,2020-06-24,3/31/20,2020-09-22,2.7300000190734863,1.8799999952316284,-0.8500000238418579,-0.31135531791326976
185,1301236,Sotherly Hotels Inc ,SOHOO,2020-06-24,3/31/20,2020-09-22,8.550000190734863,5.980000019073486,-2.570000171661377,-0.3005848086934941
186,1301236,Sotherly Hotels Inc ,SOHON,2020-06-24,3/31/20,2020-09-22,8.130000114440918,6.0,-2.130000114440918,-0.2619926303146668
187,1301236,Sotherly Hotels Inc ,SOHOB,2020-06-24,3/31/20,2020-09-22,8.635000228881836,5.710000038146973,-2.9250001907348633,-0.33873770853548985
188,1301236,Sotherly Hotels Inc ,SOHO,2021-11-12,9/30/21,2022-02-10,2.6500000953674316,2.509999990463257,-0.1400001049041748,-0.052830226364487476
189,1301236,Sotherly Hotels Inc ,SOHOO,2021-11-12,9/30/21,2022-02-10,14.5,18.760000228881836,4.260000228881836,0.29379311923323004
190,1301236,Sotherly Hotels Inc ,SOHON,2021-11-12,9/30/21,2022-02-10,14.739999771118164,18.600000381469727,3.8600006103515625,0.2618725013764872
191,1301236,Sotherly Hotels Inc ,SOHOB,2021-11-12,9/30/21,2022-02-10,14.619999885559082,18.5,3.880000114440918,0.2653898867860725
192,1349929,CANCER GENETICS  INC,VYNT,2017-05-12,3/31/17,2017-08-10,114.9000015258789,108.0,-6.900001525878906,-0.060052231803711685
193,1349929,CANCER GENETICS  INC,VYNT,2018-05-15,3/31/18,2018-08-13,27.600000381469727,29.399999618530273,1.7999992370605469,0.06521736276022091
194,1349929,CANCER GENETICS  INC,VYNT,2018-08-14,6/30/18,2018-11-12,29.700000762939453,17.100000381469727,-12.600000381469727,-0.4242424261884997
195,1349929,CANCER GENETICS  INC,VYNT,2020-06-24,3/31/20,2020-09-22,3.1700000762939453,4.119999885559082,0.9499998092651367,0.2996844752053709
196,1349929,CANCER GENETICS  INC,VYNT,2020-08-13,6/30/20,2020-11-11,3.0,2.2200000286102295,-0.7799999713897705,-0.25999999046325684
197,1349929,CANCER GENETICS  INC,VYNT,2020-11-12,9/30/20,2021-02-10,2.2100000381469727,8.600000381469727,6.390000343322754,2.8914028203730724
198,1349929,Vyant Bio  Inc ,VYNT,2021-11-12,9/30/21,2022-02-10,2.25,1.1799999475479126,-1.0700000524520874,-0.4755555788675944
199,1357874,PRECISION BIOSCIENCES INC,DTIL,2019-08-14,6/30/19,2019-11-12,9.430000305175781,8.989999771118164,-0.4400005340576172,-0.04665965215463642
200,1357874,PRECISION BIOSCIENCES INC,DTIL,2019-11-12,9/30/19,2020-02-10,8.989999771118164,8.489999771118164,-0.5,-0.055617354030011355
201,1357874,PRECISION BIOSCIENCES INC,DTIL,2020-05-15,3/31/20,2020-08-13,7.789999961853027,6.300000190734863,-1.489999771118164,-0.19127083163216524
202,1357874,PRECISION BIOSCIENCES INC,DTIL,2020-08-13,6/30/20,2020-11-11,6.300000190734863,8.460000038146973,2.1599998474121094,0.34285710825671517
203,1357874,PRECISION BIOSCIENCES INC,DTIL,2020-11-10,9/30/20,2021-02-08,8.369999885559082,15.789999961853027,7.420000076293945,0.8864994238644867
204,1357874,PRECISION BIOSCIENCES INC,DTIL,2021-05-13,3/31/21,2021-08-11,9.270000457763672,10.529999732971191,1.2599992752075195,0.13592224519819346
205,1357874,PRECISION BIOSCIENCES INC,DTIL,2021-08-12,6/30/21,2021-11-10,11.75,10.229999542236328,-1.5200004577636719,-0.12936174108626994
206,1357874,PRECISION BIOSCIENCES INC,DTIL,2021-11-10,9/30/21,2022-02-08,10.229999542236328,4.860000133514404,-5.369999408721924,-0.5249266519075538
207,1362516,Cleartronic  Inc ,CLRI,2017-02-14,12/31/16,2017-05-15,0.10000000149011612,0.07999999821186066,-0.020000003278255463,-0.20000002980232195
208,1362516,Cleartronic  Inc ,CLRI,2018-02-13,12/31/17,2018-05-14,0.04809999838471413,0.0494999997317791,0.001400001347064972,0.029106058088972483
209,1362516,Cleartronic  Inc ,CLRI,2019-02-19,12/31/18,2019-05-20,0.02850000001490116,0.020800000056624413,-0.007699999958276749,-0.2701754369912569
210,1362516,Cleartronic  Inc ,CLRI,2019-08-14,6/30/19,2019-11-12,0.04600000008940697,0.05448000133037567,0.008480001240968704,0.18434785270623308
211,1362516,Cleartronic  Inc ,CLRI,2020-02-19,12/31/19,2020-05-19,0.03999999910593033,0.03799999877810478,-0.0020000003278255463,-0.05000000931322596
212,1362516,Cleartronic  Inc ,CLRI,2020-05-15,3/31/20,2020-08-13,0.03799999877810478,0.026499999687075615,-0.011499999091029167,-0.3026315647582429
213,1362516,Cleartronic  Inc ,CLRI,2020-08-14,6/30/20,2020-11-12,0.02199999988079071,0.024949999526143074,0.0029499996453523636,0.13409089369714744
214,1362516,Cleartronic  Inc ,CLRI,2021-03-19,12/31/20,2021-06-17,0.05999999865889549,0.054999999701976776,-0.004999998956918716,-0.08333331781129008
215,1370450,Willdan Group  Inc ,WLDN,2017-05-05,3/31/17,2017-08-03,32.349998474121094,33.650001525878906,1.3000030517578125,0.04018556763759266
216,1370450,Willdan Group  Inc ,WLDN,2017-08-04,6/30/17,2017-11-02,33.630001068115234,30.100000381469727,-3.530000686645508,-0.10496582142521305
217,1370450,Willdan Group  Inc ,WLDN,2017-11-03,9/29/17,2018-02-01,26.1200008392334,21.93000030517578,-4.190000534057617,-0.16041349155563772
218,1370450,Willdan Group  Inc ,WLDN,2018-05-04,3/30/18,2018-08-02,27.979999542236328,28.299999237060547,0.31999969482421875,0.011436729809132887
219,1370450,Willdan Group  Inc ,WLDN,2018-08-03,6/29/18,2018-11-01,29.6299991607666,30.959999084472656,1.3299999237060547,0.04488693760974256
220,1370450,Willdan Group  Inc ,WLDN,2018-11-02,9/28/18,2019-01-31,34.61000061035156,33.650001525878906,-0.9599990844726562,-0.027737621136751107
221,1370450,Willdan Group  Inc ,WLDN,2019-08-02,6/28/19,2019-10-31,32.90999984741211,30.299999237060547,-2.6100006103515625,-0.07930722037231491
222,1370450,Willdan Group  Inc ,WLDN,2019-11-01,9/27/19,2020-01-30,31.31999969482422,33.25,1.9300003051757812,0.06162197713861163
223,1370450,Willdan Group  Inc ,WLDN,2020-05-08,4/3/20,2020-08-06,22.469999313354492,27.06999969482422,4.600000381469727,0.20471742421175015
224,1370450,Willdan Group  Inc ,WLDN,2020-08-07,7/3/20,2020-11-05,29.010000228881836,30.729999542236328,1.7199993133544922,0.0592898758974187
225,1370450,Willdan Group  Inc ,WLDN,2020-11-06,10/2/20,2021-02-04,35.06999969482422,52.880001068115234,17.810001373291016,0.5078415035150254
226,1370450,Willdan Group  Inc ,WLDN,2021-05-07,4/2/21,2021-08-05,37.810001373291016,39.70000076293945,1.8899993896484375,0.049986758027031786
227,1370450,Willdan Group  Inc ,WLDN,2021-08-06,7/2/21,2021-11-04,36.13999938964844,36.93000030517578,0.7900009155273438,0.02185946123047316
228,1370450,Willdan Group  Inc ,WLDN,2021-11-05,10/1/21,2022-02-03,37.310001373291016,29.68000030517578,-7.630001068115234,-0.20450283535977828
229,1398733,Aquestive Therapeutics  Inc ,AQST,2018-09-04,6/30/18,2018-12-03,17.889999389648438,8.15999984741211,-9.729999542236328,-0.5438792551254266
230,1398733,Aquestive Therapeutics  Inc ,AQST,2018-11-06,9/30/18,2019-02-04,17.549999237060547,5.880000114440918,-11.669999122619629,-0.6649572438713245
231,1398733,Aquestive Therapeutics  Inc ,AQST,2019-05-08,3/31/19,2019-08-06,4.519999980926514,3.1500000953674316,-1.369999885559082,-0.3030973210929656
232,1398733,Aquestive Therapeutics  Inc ,AQST,2019-08-06,6/30/19,2019-11-04,3.1500000953674316,4.260000228881836,1.1100001335144043,0.35238098409801105
233,1398733,Aquestive Therapeutics  Inc ,AQST,2019-11-05,9/30/19,2020-02-03,4.230000019073486,3.950000047683716,-0.2799999713897705,-0.06619384636577377
234,1398733,Aquestive Therapeutics  Inc ,AQST,2020-05-05,3/31/20,2020-08-03,4.5,5.690000057220459,1.190000057220459,0.264444457160102
235,1398733,Aquestive Therapeutics  Inc ,AQST,2020-08-04,6/30/20,2020-11-02,5.489999771118164,4.800000190734863,-0.6899995803833008,-0.1256829889161847
236,1398733,Aquestive Therapeutics  Inc ,AQST,2020-11-04,9/30/20,2021-02-02,5.28000020980835,5.400000095367432,0.11999988555908203,0.022727250149756663
237,1398733,Aquestive Therapeutics  Inc ,AQST,2021-05-04,3/31/21,2021-08-02,3.6500000953674316,3.309999942779541,-0.3400001525878906,-0.09315072430256036
238,1398733,Aquestive Therapeutics  Inc ,AQST,2021-08-03,6/30/21,2021-11-01,3.25,5.239999771118164,1.989999771118164,0.612307621882512
239,1398733,Aquestive Therapeutics  Inc ,AQST,2021-11-02,9/30/21,2022-01-31,5.360000133514404,2.7200000286102295,-2.640000104904175,-0.4925373207356992
240,1411342,Ellington Financial LLC,EFC,2017-05-10,3/31/17,2017-08-08,16.8700008392334,16.25,-0.6200008392333984,-0.036751678031426364
241,1411342,Ellington Financial LLC,EFC,2017-08-08,6/30/17,2017-11-06,16.25,15.279999732971191,-0.9700002670288086,-0.05969232412484976
242,1411342,Ellington Financial LLC,EFC,2017-11-09,9/30/17,2018-02-07,15.319999694824219,14.619999885559082,-0.6999998092651367,-0.04569189446535224
243,1411342,Ellington Financial LLC,EFC,2018-05-09,3/31/18,2018-08-07,15.649999618530273,16.40999984741211,0.7600002288818359,0.04856231612823574
244,1411342,Ellington Financial LLC,EFC,2018-08-09,6/30/18,2018-11-07,16.510000228881836,15.710000038146973,-0.8000001907348633,-0.048455492407285354
245,1411342,Ellington Financial LLC,EFC,2018-11-09,9/30/18,2019-02-07,16.18000030517578,16.809999465942383,0.6299991607666016,0.03893690660593329
246,1411342,Ellington Financial Inc ,EFC,2019-05-10,3/31/19,2019-08-08,18.139999389648438,17.65999984741211,-0.4799995422363281,-0.02646083563322715
247,1411342,Ellington Financial Inc ,EFC,2019-08-09,6/30/19,2019-11-07,17.459999084472656,18.579999923706055,1.1200008392333984,0.064146672277287
248,1411342,Ellington Financial Inc ,EFC,2019-11-08,9/30/19,2020-02-06,18.770000457763672,18.520000457763672,-0.25,-0.013319125940489505
249,1411342,Ellington Financial Inc ,EFC-PA,2019-11-08,9/30/19,2020-02-06,25.079999923706055,26.059999465942383,0.9799995422363281,0.03907494199431857
250,1411342,Ellington Financial Inc ,EFC,2020-05-21,3/31/20,2020-08-19,10.15999984741211,12.569999694824219,2.4099998474121094,0.237204712953413
251,1411342,Ellington Financial Inc ,EFC-PA,2020-05-21,3/31/20,2020-08-19,19.0,21.850000381469727,2.8500003814697266,0.15000002007735402
252,1411342,Ellington Financial Inc ,EFC,2021-11-09,9/30/21,2022-02-07,18.209999084472656,17.389999389648438,-0.8199996948242188,-0.04503018869031235
253,1411342,Ellington Financial Inc ,EFC-PA,2021-11-09,9/30/21,2022-02-07,26.59000015258789,25.049999237060547,-1.5400009155273438,-0.05791654406506132
254,1464423,PennyMac Mortgage Investment Trust,PMT,2017-05-09,3/31/17,2017-08-07,17.200000762939453,17.260000228881836,0.05999946594238281,0.0034883408884296466
255,1464423,PennyMac Mortgage Investment Trust,PMT-PA,2017-05-09,3/31/17,2017-08-07,25.360000610351562,25.450000762939453,0.09000015258789062,0.003548901830513125
256,1464423,PennyMac Mortgage Investment Trust,PMT,2017-08-08,6/30/17,2017-11-06,17.469999313354492,14.970000267028809,-2.4999990463256836,-0.14310241239761376
257,1464423,PennyMac Mortgage Investment Trust,PMT-PB,2017-08-08,6/30/17,2017-11-06,25.059999465942383,25.170000076293945,0.1100006103515625,0.004389489732474179
258,1464423,PennyMac Mortgage Investment Trust,PMT-PA,2017-08-08,6/30/17,2017-11-06,25.423799514770508,25.489999771118164,0.06620025634765625,0.00260386950853651
259,1464423,PennyMac Mortgage Investment Trust,PMT,2017-11-08,9/30/17,2018-02-06,15.380000114440918,16.049999237060547,0.6699991226196289,0.04356301154969037
260,1464423,PennyMac Mortgage Investment Trust,PMT-PB,2017-11-08,9/30/17,2018-02-06,25.31999969482422,24.299999237060547,-1.0200004577636719,-0.040284378754245204
261,1464423,PennyMac Mortgage Investment Trust,PMT-PA,2017-11-08,9/30/17,2018-02-06,25.479999542236328,24.5,-0.9799995422363281,-0.03846152118691583
262,1464423,PennyMac Mortgage Investment Trust,PMT,2018-08-07,6/30/18,2018-11-05,19.639999389648438,20.670000076293945,1.0300006866455078,0.05244402844474554
263,1464423,PennyMac Mortgage Investment Trust,PMT-PB,2018-08-07,6/30/18,2018-11-05,25.239999771118164,24.809999465942383,-0.43000030517578125,-0.01703646232468772
264,1464423,PennyMac Mortgage Investment Trust,PMT-PA,2018-08-07,6/30/18,2018-11-05,25.27669906616211,25.072200775146484,-0.204498291015625,-0.008090387533607449
265,1464423,PennyMac Mortgage Investment Trust,PMT,2018-11-07,9/30/18,2019-02-05,20.770000457763672,20.450000762939453,-0.31999969482421875,-0.015406821751157219
266,1464423,PennyMac Mortgage Investment Trust,PMT-PB,2018-11-07,9/30/18,2019-02-05,24.860000610351562,25.040000915527344,0.18000030517578125,0.007240559161564548
267,1464423,PennyMac Mortgage Investment Trust,PMT-PA,2018-11-07,9/30/18,2019-02-05,25.22209930419922,25.510000228881836,0.2879009246826172,0.011414629734436287
268,1464423,PennyMac Mortgage Investment Trust,PMT,2019-05-03,3/31/19,2019-08-01,21.479999542236328,21.799999237060547,0.31999969482421875,0.014897565253434959
269,1464423,PennyMac Mortgage Investment Trust,PMT-PB,2019-05-03,3/31/19,2019-08-01,25.559999465942383,26.450000762939453,0.8900012969970703,0.03482008276967922
270,1464423,PennyMac Mortgage Investment Trust,PMT-PA,2019-05-03,3/31/19,2019-08-01,25.600000381469727,26.34119987487793,0.7411994934082031,0.028953104779823054
271,1464423,PennyMac Mortgage Investment Trust,PMT,2019-11-01,9/30/19,2020-01-30,22.989999771118164,23.450000762939453,0.46000099182128906,0.020008742775159932
272,1464423,PennyMac Mortgage Investment Trust,PMT-PB,2019-11-01,9/30/19,2020-01-30,26.3799991607666,26.62660026550293,0.24660110473632812,0.00934803307738854
273,1464423,PennyMac Mortgage Investment Trust,PMT-PA,2019-11-01,9/30/19,2020-01-30,26.93000030517578,26.84000015258789,-0.09000015258789062,-0.0033420034002225076
274,1464423,PennyMac Mortgage Investment Trust,PMT,2020-05-08,3/31/20,2020-08-06,10.079999923706055,19.93000030517578,9.850000381469727,0.9771825849229009
275,1464423,PennyMac Mortgage Investment Trust,PMT-PB,2020-05-08,3/31/20,2020-08-06,21.469999313354492,24.020000457763672,2.5500011444091797,0.11877043437179156
276,1464423,PennyMac Mortgage Investment Trust,PMT-PA,2020-05-08,3/31/20,2020-08-06,21.451000213623047,24.440000534057617,2.9890003204345703,0.13934083682197362
277,1464423,PennyMac Mortgage Investment Trust,PMT,2020-08-07,6/30/20,2020-11-05,17.889999389648438,16.1200008392334,-1.769998550415039,-0.09893787651212557
278,1464423,PennyMac Mortgage Investment Trust,PMT-PB,2020-08-07,6/30/20,2020-11-05,23.93000030517578,23.299999237060547,-0.6300010681152344,-0.026326830759754418
279,1464423,PennyMac Mortgage Investment Trust,PMT-PA,2020-08-07,6/30/20,2020-11-05,24.25,23.5,-0.75,-0.030927835051546393
280,1464423,PennyMac Mortgage Investment Trust,PMT,2020-11-06,9/30/20,2021-02-04,15.789999961853027,18.719999313354492,2.929999351501465,0.18556044069537897
281,1464423,PennyMac Mortgage Investment Trust,PMT-PB,2020-11-06,9/30/20,2021-02-04,23.399999618530273,24.93000030517578,1.5300006866455078,0.06538464579434917
282,1464423,PennyMac Mortgage Investment Trust,PMT-PA,2020-11-06,9/30/20,2021-02-04,23.684999465942383,24.655000686645508,0.970001220703125,0.04095424287840618
283,1464423,PennyMac Mortgage Investment Trust,PMT,2021-05-07,3/31/21,2021-08-05,19.81999969482422,19.600000381469727,-0.2199993133544922,-0.01109986461866307
284,1464423,PennyMac Mortgage Investment Trust,PMT-PB,2021-05-07,3/31/21,2021-08-05,26.489999771118164,27.489999771118164,1.0,0.03775009470140849
285,1464423,PennyMac Mortgage Investment Trust,PMT-PA,2021-05-07,3/31/21,2021-08-05,26.25,26.829999923706055,0.5799999237060547,0.022095235188802083
286,1464423,PennyMac Mortgage Investment Trust,PMT,2021-08-06,6/30/21,2021-11-04,19.25,20.100000381469727,0.8500003814697266,0.04415586397245333
287,1464423,PennyMac Mortgage Investment Trust,PMT-PB,2021-08-06,6/30/21,2021-11-04,27.40999984741211,26.479999542236328,-0.9300003051757812,-0.03392923423396467
288,1464423,PennyMac Mortgage Investment Trust,PMT-PA,2021-08-06,6/30/21,2021-11-04,26.59000015258789,26.649999618530273,0.05999946594238281,0.002256467303425093
289,1464423,PennyMac Mortgage Investment Trust,PMT,2021-11-05,9/30/21,2022-02-03,19.260000228881836,16.90999984741211,-2.3500003814697266,-0.12201455625871292
290,1464423,PennyMac Mortgage Investment Trust,PMT-PB,2021-11-05,9/30/21,2022-02-03,26.649999618530273,25.489999771118164,-1.1599998474121094,-0.043527199400240836
291,1464423,PennyMac Mortgage Investment Trust,PMT-PA,2021-11-05,9/30/21,2022-02-03,26.6200008392334,25.719999313354492,-0.9000015258789062,-0.033809222295457464
292,1464423,PennyMac Mortgage Investment Trust,PMT-PC,2021-11-05,9/30/21,2022-02-03,25.290000915527344,24.549999237060547,-0.7400016784667969,-0.029260642612806583
293,1469443,Arcadia Biosciences  Inc ,RKDA,2017-05-10,3/31/17,2017-08-08,15.800000190734863,8.0,-7.800000190734863,-0.49367089218826665
294,1469443,Arcadia Biosciences  Inc ,RKDA,2017-08-10,6/30/17,2017-11-08,9.600000381469727,5.400000095367432,-4.200000286102295,-0.4375000124176338
295,1469443,Arcadia Biosciences  Inc ,RKDA,2017-11-09,9/30/17,2018-02-07,5.579999923706055,4.800000190734863,-0.7799997329711914,-0.13978490029317794
296,1469443,Arcadia Biosciences  Inc ,RKDA,2018-05-09,3/31/18,2018-08-07,9.149999618530273,6.619999885559082,-2.5299997329711914,-0.2765027145845471
297,1469443,Arcadia Biosciences  Inc ,RKDA,2018-08-08,6/30/18,2018-11-06,6.869999885559082,4.320000171661377,-2.549999713897705,-0.371179003839268
298,1469443,Arcadia Biosciences  Inc ,RKDA,2018-11-07,9/30/18,2019-02-05,4.300000190734863,4.380000114440918,0.07999992370605469,0.018604632594768054
299,1469443,Arcadia Biosciences  Inc ,RKDA,2019-05-08,3/31/19,2019-08-06,5.900000095367432,1.9500000476837158,-3.950000047683716,-0.6694915226840726
300,1469443,Arcadia Biosciences  Inc ,RKDA,2019-08-14,6/30/19,2019-11-12,7.050000190734863,4.139999866485596,-2.9100003242492676,-0.4127659922723975
301,1469443,Arcadia Biosciences  Inc ,RKDA,2019-11-06,9/30/19,2020-02-04,5.769999980926514,4.800000190734863,-0.9699997901916504,-0.16811088273797417
302,1469443,Arcadia Biosciences  Inc ,RKDA,2020-05-13,3/31/20,2020-08-11,4.809999942779541,3.7799999713897705,-1.0299999713897705,-0.21413721073654884
303,1469443,Arcadia Biosciences  Inc ,RKDA,2020-08-13,6/30/20,2020-11-11,3.7899999618530273,3.4000000953674316,-0.3899998664855957,-0.10290234047783865
304,1469443,Arcadia Biosciences  Inc ,RKDA,2020-11-13,9/30/20,2021-02-11,2.809999942779541,4.590000152587891,1.7800002098083496,0.6334520448593475
305,1471824,Teucrium Commodity Trust,SOYB,2017-05-10,3/31/17,2017-08-08,18.260000228881836,18.40999984741211,0.14999961853027344,0.008214655895404595
306,1471824,Teucrium Commodity Trust,TAGS,2017-05-10,3/31/17,2017-08-08,24.149999618530273,24.190000534057617,0.04000091552734375,0.0016563526359913928
307,1471824,Teucrium Commodity Trust,WEAT,2017-05-10,3/31/17,2017-08-08,6.849999904632568,7.090000152587891,0.24000024795532227,0.0350365330360097
308,1471824,Teucrium Commodity Trust,CANE,2017-05-10,3/31/17,2017-08-08,11.119999885559082,9.859999656677246,-1.260000228881836,-0.11330937426700223
309,1471824,Teucrium Commodity Trust,CORN,2017-05-10,3/31/17,2017-08-08,19.0,18.790000915527344,-0.20999908447265625,-0.011052583393297698
310,1471824,Teucrium Commodity Trust,SOYB,2017-08-04,6/30/17,2017-11-02,18.1200008392334,18.670000076293945,0.5499992370605469,0.030353157372360013
311,1471824,Teucrium Commodity Trust,TAGS,2017-08-04,6/30/17,2017-11-02,24.190000534057617,22.770000457763672,-1.4200000762939453,-0.058701944809579354
312,1471824,Teucrium Commodity Trust,WEAT,2017-08-04,6/30/17,2017-11-02,7.090000152587891,6.289999961853027,-0.8000001907348633,-0.11283500331701102
313,1471824,Teucrium Commodity Trust,CANE,2017-08-04,6/30/17,2017-11-02,9.949999809265137,9.510000228881836,-0.4399995803833008,-0.04422106420279391
314,1471824,Teucrium Commodity Trust,CORN,2017-08-04,6/30/17,2017-11-02,18.709999084472656,17.399999618530273,-1.3099994659423828,-0.07001600908839944
315,1471824,Teucrium Commodity Trust,SOYB,2017-11-09,9/30/17,2018-02-07,18.459999084472656,18.25,-0.20999908447265625,-0.011375898964658874
316,1471824,Teucrium Commodity Trust,TAGS,2017-11-09,9/30/17,2018-02-07,22.770000457763672,22.309999465942383,-0.46000099182128906,-0.020202063354129045
317,1471824,Teucrium Commodity Trust,WEAT,2017-11-09,9/30/17,2018-02-07,6.25,6.440000057220459,0.19000005722045898,0.03040000915527344
318,1471824,Teucrium Commodity Trust,CANE,2017-11-09,9/30/17,2018-02-07,9.779999732971191,9.25,-0.5299997329711914,-0.054192203214935675
319,1471824,Teucrium Commodity Trust,CORN,2017-11-09,9/30/17,2018-02-07,17.0,17.25,0.25,0.014705882352941176
320,1471824,Teucrium Commodity Trust,SOYB,2018-05-10,3/31/18,2018-08-08,18.59000015258789,16.860000610351562,-1.7299995422363281,-0.09306075998044018
321,1471824,Teucrium Commodity Trust,TAGS,2018-05-10,3/31/18,2018-08-08,22.68000030517578,21.260000228881836,-1.4200000762939453,-0.06261023179836062
322,1471824,Teucrium Commodity Trust,WEAT,2018-05-10,3/31/18,2018-08-08,6.690000057220459,7.159999847412109,0.4699997901916504,0.0702540786504753
323,1471824,Teucrium Commodity Trust,CANE,2018-05-10,3/31/18,2018-08-08,7.510000228881836,7.0,-0.5100002288818359,-0.0679094824685205
324,1471824,Teucrium Commodity Trust,CORN,2018-05-10,3/31/18,2018-08-08,18.18000030517578,16.979999542236328,-1.2000007629394531,-0.06600664151792215
325,1471824,Teucrium Commodity Trust,SOYB,2018-08-09,6/30/18,2018-11-07,16.729999542236328,16.15999984741211,-0.5699996948242188,-0.03407051466948372
326,1471824,Teucrium Commodity Trust,TAGS,2018-08-09,6/30/18,2018-11-07,21.260000228881836,20.899999618530273,-0.3600006103515625,-0.016933236428779506
327,1471824,Teucrium Commodity Trust,WEAT,2018-08-09,6/30/18,2018-11-07,7.079999923706055,6.190000057220459,-0.8899998664855957,-0.12570619718590642
328,1471824,Teucrium Commodity Trust,CANE,2018-08-09,6/30/18,2018-11-07,7.059999942779541,7.619999885559082,0.559999942779541,0.07932010585244673
329,1471824,Teucrium Commodity Trust,CORN,2018-08-09,6/30/18,2018-11-07,16.850000381469727,16.399999618530273,-0.4500007629394531,-0.02670627612770429
330,1471824,Teucrium Commodity Trust,SOYB,2018-11-09,9/30/18,2019-02-07,16.280000686645508,16.540000915527344,0.26000022888183594,0.01597052935600391
331,1471824,Teucrium Commodity Trust,TAGS,2018-11-09,9/30/18,2019-02-07,20.899999618530273,20.600000381469727,-0.2999992370605469,-0.014354030743357659
332,1471824,Teucrium Commodity Trust,WEAT,2018-11-09,9/30/18,2019-02-07,6.050000190734863,5.980000019073486,-0.07000017166137695,-0.011570275942896191
333,1471824,Teucrium Commodity Trust,CANE,2018-11-09,9/30/18,2019-02-07,7.5,7.489999771118164,-0.010000228881835938,-0.0013333638509114584
334,1471824,Teucrium Commodity Trust,CORN,2018-11-09,9/30/18,2019-02-07,16.299999237060547,16.170000076293945,-0.12999916076660156,-0.007975409009285629
335,1471824,Teucrium Commodity Trust,SOYB,2019-05-10,3/31/19,2019-08-08,14.420000076293945,15.220000267028809,0.8000001907348633,0.055478515014021394
336,1471824,Teucrium Commodity Trust,TAGS,2019-05-10,3/31/19,2019-08-08,18.190000534057617,19.190000534057617,1.0,0.054975259518419126
337,1471824,Teucrium Commodity Trust,WEAT,2019-05-10,3/31/19,2019-08-08,4.880000114440918,5.369999885559082,0.48999977111816406,0.10040978680884752
338,1471824,Teucrium Commodity Trust,CANE,2019-05-10,3/31/19,2019-08-08,6.889999866485596,6.679999828338623,-0.21000003814697266,-0.03047896113444891
339,1471824,Teucrium Commodity Trust,CORN,2019-05-10,3/31/19,2019-08-08,14.670000076293945,16.139999389648438,1.4699993133544922,0.10020445165027261
340,1471824,Teucrium Commodity Trust,SOYB,2019-08-09,6/30/19,2019-11-07,15.34000015258789,15.770000457763672,0.43000030517578125,0.028031310358444767
341,1471824,Teucrium Commodity Trust,TAGS,2019-08-09,6/30/19,2019-11-07,19.34000015258789,18.8700008392334,-0.4699993133544922,-0.024301929144069912
342,1471824,Teucrium Commodity Trust,WEAT,2019-08-09,6/30/19,2019-11-07,5.389999866485596,5.460000038146973,0.07000017166137695,0.012987045156833868
343,1471824,Teucrium Commodity Trust,CANE,2019-08-09,6/30/19,2019-11-07,6.869999885559082,6.559999942779541,-0.309999942779541,-0.04512371876907435
344,1471824,Teucrium Commodity Trust,CORN,2019-08-09,6/30/19,2019-11-07,16.139999389648438,14.680000305175781,-1.4599990844726562,-0.09045843492466564
345,1471824,Teucrium Commodity Trust,SOYB,2019-11-08,9/30/19,2020-02-06,15.680000305175781,14.760000228881836,-0.9200000762939453,-0.05867347311149377
346,1471824,Teucrium Commodity Trust,TAGS,2019-11-08,9/30/19,2020-02-06,18.920000076293945,19.40999984741211,0.48999977111816406,0.02589850788278355
347,1471824,Teucrium Commodity Trust,WEAT,2019-11-08,9/30/19,2020-02-06,5.420000076293945,5.71999979019165,0.2999997138977051,0.05535049993999946
348,1471824,Teucrium Commodity Trust,CANE,2019-11-08,9/30/19,2020-02-06,6.630000114440918,7.369999885559082,0.7399997711181641,0.11161383987103676
349,1471824,Teucrium Commodity Trust,CORN,2019-11-08,9/30/19,2020-02-06,14.75,14.350000381469727,-0.39999961853027344,-0.027118618205442268
350,1471824,Teucrium Commodity Trust,SOYB,2020-05-08,3/31/20,2020-08-06,13.649999618530273,14.079999923706055,0.43000030517578125,0.03150185473939818
351,1471824,Teucrium Commodity Trust,TAGS,2020-05-08,3/31/20,2020-08-06,16.170000076293945,17.18000030517578,1.010000228881836,0.06246136203564701
352,1471824,Teucrium Commodity Trust,WEAT,2020-05-08,3/31/20,2020-08-06,5.369999885559082,5.139999866485596,-0.23000001907348633,-0.0428305445018721
353,1471824,Teucrium Commodity Trust,CANE,2020-05-08,3/31/20,2020-08-06,5.269999980926514,6.119999885559082,0.8499999046325684,0.16129030506810946
354,1471824,Teucrium Commodity Trust,CORN,2020-05-08,3/31/20,2020-08-06,12.0600004196167,11.640000343322754,-0.4200000762939453,-0.03482587576122938
355,1471824,Teucrium Commodity Trust,SOYB,2020-08-07,6/30/20,2020-11-05,13.920000076293945,16.809999465942383,2.8899993896484375,0.20761489754372686
356,1471824,Teucrium Commodity Trust,TAGS,2020-08-07,6/30/20,2020-11-05,17.25,19.239999771118164,1.989999771118164,0.11536230557206748
357,1471824,Teucrium Commodity Trust,WEAT,2020-08-07,6/30/20,2020-11-05,5.070000171661377,5.960000038146973,0.8899998664855957,0.17554237403387576
358,1471824,Teucrium Commodity Trust,CANE,2020-08-07,6/30/20,2020-11-05,6.0,6.210000038146973,0.21000003814697266,0.035000006357828774
359,1471824,Teucrium Commodity Trust,CORN,2020-08-07,6/30/20,2020-11-05,11.59000015258789,13.729999542236328,2.1399993896484375,0.1846418776077932
360,1471824,Teucrium Commodity Trust,SOYB,2021-11-09,9/30/21,2022-02-07,21.260000228881836,26.190000534057617,4.930000305175781,0.23189088674036545
361,1471824,Teucrium Commodity Trust,TAGS,2021-11-09,9/30/21,2022-02-07,26.989999771118164,28.25,1.260000228881836,0.046683965897256305
362,1471824,Teucrium Commodity Trust,WEAT,2021-11-09,9/30/21,2022-02-07,7.639999866485596,7.440000057220459,-0.19999980926513672,-0.02617798596338677
363,1471824,Teucrium Commodity Trust,CANE,2021-11-09,9/30/21,2022-02-07,9.630000114440918,8.850000381469727,-0.7799997329711914,-0.08099685604380445
364,1471824,Teucrium Commodity Trust,CORN,2021-11-09,9/30/21,2022-02-07,20.979999542236328,23.049999237060547,2.0699996948242188,0.09866538322162283
365,1506492,Sunshine Heart  Inc ,NUWE,2017-05-12,3/31/17,2017-08-10,6132.0,5460.0,-672.0,-0.1095890410958904
366,1506492,CHF Solutions  Inc ,NUWE,2017-08-10,6/30/17,2017-11-08,5460.0,2087.39990234375,-3372.60009765625,-0.6176923255780677
367,1506492,CHF Solutions  Inc ,NUWE,2017-11-02,9/30/17,2018-01-31,2599.800048828125,1558.199951171875,-1041.60009765625,-0.4006462335923708
368,1506492,CHF Solutions  Inc ,NUWE,2018-05-10,3/31/18,2018-08-08,1222.199951171875,504.0,-718.199951171875,-0.5876288495047373
369,1506492,CHF Solutions  Inc ,NUWE,2018-08-09,6/30/18,2018-11-07,466.20001220703125,457.79998779296875,-8.4000244140625,-0.018018069914447356
370,1506492,CHF Solutions  Inc ,NUWE,2018-11-07,9/30/18,2019-02-05,457.79998779296875,232.8000030517578,-224.99998474121094,-0.49148097584258316
371,1506492,CHF Solutions  Inc ,NUWE,2019-05-09,3/31/19,2019-08-07,109.80000305175781,74.69999694824219,-35.100006103515625,-0.31967217785021457
372,1506492,CHF Solutions  Inc ,NUWE,2019-08-08,6/30/19,2019-11-06,75.0,25.5,-49.5,-0.66
373,1506492,CHF Solutions  Inc ,NUWE,2019-11-08,9/30/19,2020-02-06,23.100000381469727,13.199999809265137,-9.90000057220459,-0.42857144626482935
374,1506492,CHF Solutions  Inc ,NUWE,2020-05-14,3/31/20,2020-08-12,10.199999809265137,18.600000381469727,8.40000057220459,0.8235294832627816
375,1506492,CHF Solutions  Inc ,NUWE,2020-08-05,6/30/20,2020-11-03,25.200000762939453,6.349999904632568,-18.850000858306885,-0.7480158844292085
376,1506492,CHF Solutions  Inc ,NUWE,2020-11-12,9/30/20,2021-02-10,6.03000020980835,9.779999732971191,3.749999523162842,0.6218904465480984
377,1506492,Nuwellis  Inc ,NUWE,2021-05-13,3/31/21,2021-08-11,3.5299999713897705,4.320000171661377,0.7900002002716064,0.2237960925423411
378,1506492,Nuwellis  Inc ,NUWE,2021-08-12,6/30/21,2021-11-10,4.21999979019165,1.690000057220459,-2.5299997329711914,-0.5995260328807486
379,1506492,Nuwellis  Inc ,NUWE,2021-11-10,9/30/21,2022-02-08,1.690000057220459,1.100000023841858,-0.5900000333786011,-0.349112433965815
380,1510247,LIFEAPPS BRANDS INC ,LFAP,2018-05-15,3/31/18,2018-08-13,0.006099999882280827,0.008999999612569809,0.0028999997302889824,0.47540980102521824
381,1510247,LGBTQ Loyalty Holdings  Inc ,LFAP,2019-05-17,3/31/19,2019-08-15,0.11749999970197678,0.054999999701976776,-0.0625,-0.5319148949661531
382,1510247,LGBTQ Loyalty Holdings  Inc ,LFAP,2019-08-14,6/30/19,2019-11-12,0.0551999993622303,0.03799999877810478,-0.01720000058412552,-0.3115942170806317
383,1510247,LGBTQ Loyalty Holdings  Inc ,LFAP,2019-11-14,9/30/19,2020-02-12,0.029999999329447746,0.03799999877810478,0.007999999448657036,0.2666666542490321
384,1510247,LGBTQ Loyalty Holdings  Inc ,LFAP,2020-08-14,6/30/20,2020-11-12,0.009999999776482582,0.005499999970197678,-0.0044999998062849045,-0.44999999068677404
385,1510247,LGBTQ Loyalty Holdings  Inc ,LFAP,2021-11-12,9/30/21,2022-02-10,0.00570000009611249,0.0017999999690800905,-0.003900000127032399,-0.6842105370651265
386,1514743,IF Bancorp  Inc ,IROQ,2017-02-09,12/31/16,2017-05-10,19.950000762939453,20.0,0.049999237060546875,0.0025062273257367004
387,1514743,IF Bancorp  Inc ,IROQ,2017-05-11,3/31/17,2017-08-09,20.0,20.399999618530273,0.39999961853027344,0.019999980926513672
388,1514743,IF Bancorp  Inc ,IROQ,2017-11-09,9/30/17,2018-02-07,19.600000381469727,20.010000228881836,0.4099998474121094,0.020918359154713705
389,1514743,IF Bancorp  Inc ,IROQ,2018-02-09,12/31/17,2018-05-10,19.950000762939453,21.299999237060547,1.3499984741210938,0.06766909385933194
390,1514743,IF Bancorp  Inc ,IROQ,2018-05-10,3/31/18,2018-08-08,21.299999237060547,24.3700008392334,3.0700016021728516,0.1441315357810557
391,1514743,IF Bancorp  Inc ,IROQ,2018-11-09,9/30/18,2019-02-07,22.110000610351562,20.450000762939453,-1.6599998474121094,-0.075079140732132
392,1514743,IF Bancorp  Inc ,IROQ,2019-02-12,12/31/18,2019-05-13,20.5,20.020000457763672,-0.4799995422363281,-0.02341461181640625
393,1514743,IF Bancorp  Inc ,IROQ,2019-05-09,3/31/19,2019-08-07,19.959999084472656,21.579999923706055,1.6200008392333984,0.08116237041782404
394,1514743,IF Bancorp  Inc ,IROQ,2019-11-12,9/30/19,2020-02-10,22.229999542236328,23.0,0.7700004577636719,0.03463789804856695
395,1514743,IF Bancorp  Inc ,IROQ,2020-02-07,12/31/19,2020-05-07,23.0,16.260000228881836,-6.739999771118164,-0.2930434683094854
396,1514743,IF Bancorp  Inc ,IROQ,2020-05-12,3/31/20,2020-08-10,15.630000114440918,16.31999969482422,0.6899995803833008,0.044145846150429276
397,1514743,IF Bancorp  Inc ,IROQ,2020-11-12,9/30/20,2021-02-10,19.25,21.0,1.75,0.09090909090909091
398,1514743,IF Bancorp  Inc ,IROQ,2021-02-11,12/31/20,2021-05-12,20.8799991607666,22.219999313354492,1.3400001525878906,0.0641762550980243
399,1514743,IF Bancorp  Inc ,IROQ,2021-05-12,3/31/21,2021-08-10,22.219999313354492,22.979999542236328,0.7600002288818359,0.03420343169970606
400,1514743,IF Bancorp  Inc ,IROQ,2021-11-10,9/30/21,2022-02-08,23.5,24.700000762939453,1.2000007629394531,0.05106386225274269
401,1530185,ATVROCKN,ATVK,2017-02-10,2/29/16,2017-05-11,0.15000000596046448,1.25,1.0999999940395355,7.333333002196431
402,1530185,ATVROCKN,ATVK,2017-02-10,8/31/16,2017-05-11,0.15000000596046448,1.25,1.0999999940395355,7.333333002196431
403,1530185,ATVROCKN,ATVK,2017-02-10,11/30/16,2017-05-11,0.15000000596046448,1.25,1.0999999940395355,7.333333002196431
404,1530185,AMERITEK VENTURES,ATVK,2017-10-24,8/31/17,2018-01-22,2.2100000381469727,1.965999960899353,-0.24400007724761963,-0.1104072728669305
405,1530185,AMERITEK VENTURES,ATVK,2019-01-25,11/30/18,2019-04-25,0.012500000186264515,0.004000000189989805,-0.00849999999627471,-0.6799999895691873
406,1530185,AMERITEK VENTURES,ATVK,2019-05-14,2/28/19,2019-08-12,0.0035000001080334187,0.0010999999940395355,-0.002400000113993883,-0.6857142971182353
407,1591670,Farmland Partners Inc ,FPI,2017-05-10,3/31/17,2017-08-08,10.510000228881836,8.779999732971191,-1.7300004959106445,-0.1646051815637972
408,1591670,Farmland Partners Inc ,FPI,2017-07-21,6/30/17,2017-10-19,9.529999732971191,9.069999694824219,-0.46000003814697266,-0.04826863074880248
409,1591670,Farmland Partners Inc ,FPI,2017-11-09,9/30/17,2018-02-07,8.949999809265137,7.409999847412109,-1.5399999618530273,-0.1720670385108615
410,1591670,Farmland Partners Inc ,FPI,2018-05-10,3/31/18,2018-08-08,8.039999961853027,6.630000114440918,-1.4099998474121094,-0.17537311618184862
411,1591670,Farmland Partners Inc ,FPI,2018-08-09,6/30/18,2018-11-07,6.420000076293945,7.599999904632568,1.179999828338623,0.1838005941301792
412,1591670,Farmland Partners Inc ,FPI,2018-11-09,9/30/18,2019-02-07,7.480000019073486,5.550000190734863,-1.929999828338623,-0.2580213667670128
413,1591670,Farmland Partners Inc ,FPI,2019-05-09,3/31/19,2019-08-07,6.46999979019165,6.269999980926514,-0.19999980926513672,-0.030911872604436737
414,1591670,Farmland Partners Inc ,FPI,2019-08-08,6/30/19,2019-11-06,6.349999904632568,6.460000038146973,0.1100001335144043,0.017322855931722926
415,1591670,Farmland Partners Inc ,FPI,2019-11-12,9/30/19,2020-02-10,6.590000152587891,6.559999942779541,-0.03000020980834961,-0.004552383780532772
416,1591670,Farmland Partners Inc ,FPI,2020-05-08,3/31/20,2020-08-06,6.559999942779541,6.739999771118164,0.17999982833862305,0.02743899846169133
417,1591670,Farmland Partners Inc ,FPI,2021-05-14,3/31/21,2021-08-12,13.569999694824219,11.65999984741211,-1.9099998474121094,-0.14075164999013295
418,1591670,Farmland Partners Inc ,FPI,2021-08-06,6/30/21,2021-11-04,12.489999771118164,11.800000190734863,-0.6899995803833008,-0.05524416277243284
419,1591670,Farmland Partners Inc ,FPI,2021-10-28,9/30/21,2022-01-26,11.430000305175781,11.0,-0.43000030517578125,-0.037620323157915116
420,1593538,NAVIENT CORP,NAVI,2017-04-27,3/31/17,2017-07-26,15.539999961853027,14.649999618530273,-0.8900003433227539,-0.05727157950498657
421,1593538,NAVIENT CORP,JSM,2017-04-27,3/31/17,2017-07-26,23.40999984741211,23.719999313354492,0.3099994659423828,0.013242181459332735
422,1593538,NAVIENT CORP,NAVI,2017-08-01,6/30/17,2017-10-30,14.850000381469727,11.829999923706055,-3.020000457763672,-0.20336702896870754
423,1593538,NAVIENT CORP,JSM,2017-08-01,6/30/17,2017-10-30,23.8799991607666,24.15999984741211,0.2800006866455078,0.011725322298399912
424,1593538,NAVIENT CORP,NAVI,2017-10-27,9/30/17,2018-01-25,11.850000381469727,14.65999984741211,2.809999465942383,0.23713074898600683
425,1593538,NAVIENT CORP,JSM,2017-10-27,9/30/17,2018-01-25,24.1200008392334,23.190000534057617,-0.9300003051757812,-0.038557225241180354
426,1593538,NAVIENT CORP,NAVI,2018-05-03,3/31/18,2018-08-01,13.289999961853027,13.229999542236328,-0.06000041961669922,-0.0045147042730565475
427,1593538,NAVIENT CORP,JSM,2018-05-03,3/31/18,2018-08-01,21.700000762939453,21.950000762939453,0.25,0.01152073692213711
428,1593538,NAVIENT CORP,NAVI,2018-08-03,6/30/18,2018-11-01,13.210000038146973,12.020000457763672,-1.1899995803833008,-0.09008323822459485
429,1593538,NAVIENT CORP,JSM,2018-08-03,6/30/18,2018-11-01,21.979999542236328,20.18000030517578,-1.7999992370605469,-0.08189259665823488
430,1593538,NAVIENT CORP,NAVI,2018-11-02,9/30/18,2019-01-31,11.859999656677246,11.399999618530273,-0.46000003814697266,-0.03878583907782746
431,1593538,NAVIENT CORP,JSM,2018-11-02,9/30/18,2019-01-31,19.850000381469727,20.700000762939453,0.8500003814697266,0.04282117708487375
432,1593538,NAVIENT CORP,NAVI,2019-05-03,3/31/19,2019-08-01,13.920000076293945,13.960000038146973,0.039999961853027344,0.002873560462197707
433,1593538,NAVIENT CORP,JSM,2019-05-03,3/31/19,2019-08-01,21.639999389648438,21.93000030517578,0.29000091552734375,0.013401151742456454
434,1593538,NAVIENT CORP,NAVI,2019-08-02,6/30/19,2019-10-31,13.710000038146973,13.770000457763672,0.06000041961669922,0.004376398209318226
435,1593538,NAVIENT CORP,JSM,2019-08-02,6/30/19,2019-10-31,21.780000686645508,23.690000534057617,1.9099998474121094,0.08769512337909306
436,1593538,NAVIENT CORP,NAVI,2019-11-01,9/30/19,2020-01-30,13.880000114440918,14.899999618530273,1.0199995040893555,0.07348699536595363
437,1593538,NAVIENT CORP,JSM,2019-11-01,9/30/19,2020-01-30,23.530000686645508,24.899999618530273,1.3699989318847656,0.0582234973185662
438,1593538,NAVIENT CORP,NAVI,2020-05-01,3/31/20,2020-07-30,7.025000095367432,7.96999979019165,0.9449996948242188,0.1345195276861832
439,1593538,NAVIENT CORP,JSM,2020-05-01,3/31/20,2020-07-30,20.760000228881836,22.0,1.239999771118164,0.05973023879802492
440,1593538,NAVIENT CORP,NAVI,2020-08-05,6/30/20,2020-11-03,8.625,8.869999885559082,0.24499988555908203,0.028405783832937046
441,1593538,NAVIENT CORP,JSM,2020-08-05,6/30/20,2020-11-03,22.350000381469727,22.049999237060547,-0.3000011444091797,-0.013422869766834954
442,1593538,NAVIENT CORP,NAVI,2020-10-30,9/30/20,2021-01-28,8.010000228881836,11.550000190734863,3.5399999618530273,0.4419475481522174
443,1593538,NAVIENT CORP,JSM,2020-10-30,9/30/20,2021-01-28,22.059999465942383,24.329999923706055,2.270000457763672,0.10290120184582242
444,1593538,NAVIENT CORP,NAVI,2021-04-28,3/31/21,2021-07-27,16.200000762939453,20.510000228881836,4.309999465942383,0.26604933721992885
445,1593538,NAVIENT CORP,JSM,2021-04-28,3/31/21,2021-07-27,24.350000381469727,25.450000762939453,1.1000003814697266,0.04517455294607812
446,1593538,NAVIENT CORP,NAVI,2021-07-28,6/30/21,2021-10-26,19.8700008392334,19.600000381469727,-0.2700004577636719,-0.013588346570703453
447,1593538,NAVIENT CORP,JSM,2021-07-28,6/30/21,2021-10-26,25.190000534057617,25.360000610351562,0.1700000762939453,0.006748712691137113
448,1593538,NAVIENT CORP,NAVI,2021-10-27,9/30/21,2022-01-25,19.200000762939453,18.520000457763672,-0.6800003051757812,-0.03541668115390614
449,1593538,NAVIENT CORP,JSM,2021-10-27,9/30/21,2022-01-25,25.56999969482422,25.190000534057617,-0.37999916076660156,-0.014861132784585817
450,1600438,GMS Inc ,GMS,2017-03-09,1/31/17,2017-06-07,32.2400016784668,32.439998626708984,0.1999969482421875,0.006203378964951051
451,1600438,GMS Inc ,GMS,2017-09-06,7/31/17,2017-12-05,33.41999816894531,38.31999969482422,4.900001525878906,0.14661884483381296
452,1600438,GMS Inc ,GMS,2017-12-07,10/31/17,2018-03-07,38.81999969482422,33.720001220703125,-5.099998474121094,-0.13137554132441337
453,1600438,GMS Inc ,GMS,2018-03-06,1/31/18,2018-06-04,31.690000534057617,29.610000610351562,-2.0799999237060547,-0.06563584375679181
454,1600438,GMS Inc ,GMS,2018-08-30,7/31/18,2018-11-28,26.860000610351562,18.360000610351562,-8.5,-0.31645568901157023
455,1600438,GMS Inc ,GMS,2018-12-04,10/31/18,2019-03-04,17.229999542236328,19.670000076293945,2.440000534057617,0.1416134996449874
456,1600438,GMS Inc ,GMS,2019-03-05,1/31/19,2019-06-03,17.09000015258789,17.059999465942383,-0.030000686645507812,-0.0017554526844732001
457,1600438,GMS Inc ,GMS,2019-08-29,7/31/19,2019-11-27,27.709999084472656,31.18000030517578,3.470001220703125,0.12522559853304166
458,1600438,GMS Inc ,GMS,2019-12-05,10/31/19,2020-03-04,29.040000915527344,24.09000015258789,-4.950000762939453,-0.1704545663527423
459,1600438,GMS Inc ,GMS,2020-03-05,1/31/20,2020-06-03,23.040000915527344,21.690000534057617,-1.3500003814697266,-0.05859376422853877
460,1600438,GMS Inc ,GMS,2020-09-03,7/31/20,2020-12-02,24.920000076293945,30.239999771118164,5.319999694824219,0.21348313316760628
461,1600438,GMS Inc ,GMS,2020-12-03,10/31/20,2021-03-03,29.299999237060547,36.849998474121094,7.549999237060547,0.25767916155816195
462,1600438,GMS Inc ,GMS,2021-03-04,1/31/21,2021-06-02,36.459999084472656,45.22999954223633,8.770000457763672,0.24053759402036248
463,1600438,GMS Inc ,GMS,2021-09-02,7/31/21,2021-12-01,51.2599983215332,56.380001068115234,5.120002746582031,0.0998830065203344
464,1600438,GMS Inc ,GMS,2021-12-02,10/31/21,2022-03-02,57.75,56.290000915527344,-1.4599990844726562,-0.025281369428097944
465,1622231,BOATIM INC ,BTIM,2020-07-16,5/31/20,2020-10-14,1.2300000190734863,0.8799999952316284,-0.3500000238418579,-0.284552860499547
466,1622231,BOATIM INC ,BTIM,2021-01-13,11/30/20,2021-04-13,1.340000033378601,0.4790000021457672,-0.8610000312328339,-0.6425373207356992
467,1627611,12 Retech Corp,RETC,2017-07-21,5/31/17,2017-10-19,228.0,14.300000190734863,-213.69999980926514,-0.9372807009178296
468,1627611,12 Retech Corp,RETC,2017-11-14,9/30/17,2018-02-12,28.0,11.875,-16.125,-0.5758928571428571
469,1627611,12 Retech Corp,RETC,2021-06-29,3/31/20,2021-09-27,0.0010000000474974513,0.0005000000237487257,-0.0005000000237487257,-0.5
470,1627611,12 Retech Corp,RETC,2021-06-29,6/30/20,2021-09-27,0.0010000000474974513,0.0005000000237487257,-0.0005000000237487257,-0.5
471,1627611,12 Retech Corp,RETC,2021-06-29,9/30/20,2021-09-27,0.0010000000474974513,0.0005000000237487257,-0.0005000000237487257,-0.5
472,1627611,12 Retech Corp,RETC,2021-06-29,3/31/21,2021-09-27,0.0010000000474974513,0.0005000000237487257,-0.0005000000237487257,-0.5
473,1627611,12 Retech Corp,RETC,2021-08-13,6/30/21,2021-11-11,0.0006000000284984708,0.00039999998989515007,-0.00020000003860332072,-0.3333333818397151
474,1627611,12 Retech Corp,RETC,2021-11-19,9/30/21,2022-02-17,0.00039999998989515007,0.00019999999494757503,-0.00019999999494757503,-0.5
475,1674227,Alliance MMA  Inc ,WORX,2017-11-14,9/30/17,2018-02-12,30.209999084472656,11.59000015258789,-18.619998931884766,-0.6163521845803391
476,1674227,Alliance MMA  Inc ,WORX,2018-05-15,3/31/18,2018-08-13,7.21999979019165,3.1730000972747803,-4.04699969291687,-0.5605262895457016
477,1674227,Alliance MMA  Inc ,WORX,2018-09-05,6/30/18,2018-12-04,5.034999847412109,4.4079999923706055,-0.6269998550415039,-0.12452827687050864
478,1674227,Alliance MMA  Inc ,WORX,2018-11-16,9/30/18,2019-02-14,5.395999908447266,5.980000019073486,0.5840001106262207,0.10822833960986307
479,1674227,SCWorx Corp ,WORX,2019-05-23,3/31/19,2019-08-21,5.800000190734863,3.4000000953674316,-2.4000000953674316,-0.41379310628321725
480,1674227,SCWorx Corp ,WORX,2019-08-14,6/30/19,2019-11-12,2.119999885559082,2.950000047683716,0.8300001621246338,0.39150953157044527
481,1674227,SCWorx Corp ,WORX,2019-11-14,9/30/19,2020-02-12,3.200000047683716,2.4600000381469727,-0.7400000095367432,-0.23124999953433872
482,1674227,SCWorx Corp ,WORX,2020-07-01,3/31/20,2020-09-29,5.755000114440918,1.3200000524520874,-4.435000061988831,-0.7706342265502593
483,1674227,SCWorx Corp ,WORX,2020-08-14,6/30/20,2020-11-12,2.140000104904175,1.1100000143051147,-1.03000009059906,-0.4813084299569142
484,1718108,Surface Oncology  Inc ,SURF,2018-05-29,3/31/18,2018-08-27,13.930000305175781,9.020000457763672,-4.909999847412109,-0.35247665038368786
485,1718108,Surface Oncology  Inc ,SURF,2018-08-14,6/30/18,2018-11-12,9.949999809265137,8.170000076293945,-1.7799997329711914,-0.17889444895403012
486,1718108,Surface Oncology  Inc ,SURF,2018-11-13,9/30/18,2019-02-11,8.199999809265137,5.53000020980835,-2.669999599456787,-0.32560971482462336
487,1718108,Surface Oncology  Inc ,SURF,2019-05-09,3/31/19,2019-08-07,4.329999923706055,2.0899999141693115,-2.240000009536743,-0.5173210274838811
488,1718108,Surface Oncology  Inc ,SURF,2019-08-07,6/30/19,2019-11-05,2.0899999141693115,1.7200000286102295,-0.36999988555908203,-0.1770334453368347
489,1718108,Surface Oncology  Inc ,SURF,2019-11-12,9/30/19,2020-02-10,1.690000057220459,2.950000047683716,1.2599999904632568,0.7455620992910362
490,1718108,Surface Oncology  Inc ,SURF,2020-05-12,3/31/20,2020-08-10,2.630000114440918,5.940000057220459,3.309999942779541,1.2585550565586863
491,1718108,Surface Oncology  Inc ,SURF,2020-08-11,6/30/20,2020-11-09,5.929999828338623,8.720000267028809,2.7900004386901855,0.470489126383642
492,1718108,Surface Oncology  Inc ,SURF,2020-11-10,9/30/20,2021-02-08,9.069999694824219,12.550000190734863,3.4800004959106445,0.38368253726585033
493,1718108,Surface Oncology  Inc ,SURF,2021-05-05,3/31/21,2021-08-03,7.25,5.840000152587891,-1.4099998474121094,-0.19448273757408405
494,1718108,Surface Oncology  Inc ,SURF,2021-08-05,6/30/21,2021-11-03,5.610000133514404,7.71999979019165,2.109999656677246,0.37611401184681065
495,1718108,Surface Oncology  Inc ,SURF,2021-11-04,9/30/21,2022-02-02,7.75,3.5,-4.25,-0.5483870967741935
496,1780097,Baudax Bio  Inc ,BXRX,2019-11-14,9/30/19,2020-02-12,245.0,290.5,45.5,0.18571428571428572
497,1780097,Baudax Bio  Inc ,BXRX,2020-05-08,3/31/20,2020-08-06,106.05000305175781,121.80000305175781,15.75,0.14851484721139702
498,1780097,Baudax Bio  Inc ,BXRX,2021-05-05,3/31/21,2021-08-03,31.780000686645508,21.420000076293945,-10.360000610351562,-0.32599120158940115
499,1780097,Baudax Bio  Inc ,BXRX,2021-08-05,6/30/21,2021-11-03,19.600000381469727,19.739999771118164,0.1399993896484375,0.00714282586345233
500,1780097,Baudax Bio  Inc ,BXRX,2021-11-04,9/30/21,2022-02-02,18.514999389648438,7.349999904632568,-11.16499948501587,-0.6030245667336136
501,1811414,QuantumScape Corp,QS,2021-07-29,6/30/21,2021-10-27,22.639999389648438,23.440000534057617,0.8000011444091797,0.03533574054666096
502,1811414,QuantumScape Corp,QS,2021-10-28,9/30/21,2022-01-26,25.399999618530273,15.479999542236328,-9.920000076293945,-0.3905511899715512
503,1812173,D8 Holdings Corp ,RBOT,2020-11-13,9/30/20,2021-02-11,9.6899995803833,10.5,0.8100004196166992,0.08359137819329591
504,1812173,D8 Holdings Corp ,RBOT,2021-08-12,6/30/21,2021-11-10,9.949999809265137,13.239999771118164,3.2899999618530273,0.3306532688361943
505,1817229,Vor Biopharma Inc ,VOR,2021-05-06,3/31/21,2021-08-04,23.639999389648438,12.8100004196167,-10.829998970031738,-0.4581217956703508
506,1817229,Vor Biopharma Inc ,VOR,2021-11-10,9/30/21,2022-02-08,16.030000686645508,8.210000038146973,-7.820000648498535,-0.48783532835487203
507,1817786,Recharge Acquisition Corp ,RCHGU,2020-11-13,9/30/20,2021-02-11,9.9399995803833,11.0,1.0600004196166992,0.10663988575096339
508,1817786,Recharge Acquisition Corp ,RCHG,2021-07-13,3/31/21,2021-10-11,9.829999923706055,9.899999618530273,0.06999969482421875,0.007121026995677517
509,1817786,Recharge Acquisition Corp ,RCHGU,2021-07-13,3/31/21,2021-10-11,10.239999771118164,10.15999984741211,-0.07999992370605469,-0.007812492724042223
510,1817786,Recharge Acquisition Corp ,RCHG,2021-08-13,6/30/21,2021-11-11,9.819999694824219,9.899999618530273,0.07999992370605469,0.008146631995133347
511,1817786,Recharge Acquisition Corp ,RCHGU,2021-08-13,6/30/21,2021-11-11,10.149999618530273,10.15999984741211,0.010000228881835938,0.0009852442618400784
512,1817786,Recharge Acquisition Corp ,RCHG,2021-11-16,9/30/21,2022-02-14,9.899999618530273,9.930000305175781,0.030000686645507812,0.0030303725052023417
513,1817786,Recharge Acquisition Corp ,RCHGU,2021-11-16,9/30/21,2022-02-14,10.220000267028809,10.050000190734863,-0.1700000762939453,-0.016634057911171493
514,1818787,Primavera Capital Acquisition Corp ,PV,2021-06-16,3/31/21,2021-09-14,9.699999809265137,9.699999809265137,0.0,0.0
515,1818787,Primavera Capital Acquisition Corp ,PV-UN,2021-06-16,3/31/21,2021-09-14,10.069999694824219,9.989999771118164,-0.07999992370605469,-0.007944381939472459
516,1822873,Lefteris Acquisition Corp ,LFTRU,2020-12-04,9/30/20,2021-03-04,10.039999961853027,10.40999984741211,0.36999988555908203,0.0368525783829578
517,1822873,Lefteris Acquisition Corp ,LFTRU,2021-07-15,3/31/21,2021-10-13,10.100000381469727,10.0,-0.10000038146972656,-0.00990102749433508
518,1822873,Lefteris Acquisition Corp ,LFTR,2021-07-15,3/31/21,2021-10-13,9.739999771118164,9.779999732971191,0.039999961853027344,0.004106772360676894
519,1822873,Lefteris Acquisition Corp ,LFTRW,2021-07-15,3/31/21,2021-10-13,1.1619999408721924,0.800000011920929,-0.3619999289512634,-0.3115317963609772
520,1831915,Cytek Biosciences  Inc ,CTKB,2021-09-03,6/30/21,2021-12-02,24.229999542236328,19.489999771118164,-4.739999771118164,-0.19562525219431687
521,1831915,Cytek Biosciences  Inc ,CTKB,2021-11-12,9/30/21,2022-02-10,23.6299991607666,14.890000343322754,-8.739998817443848,-0.3698687739250984
522,1835817,Northern Star Investment Corp  III,NSTC-UN,2021-04-20,12/31/20,2021-07-19,10.0,9.930000305175781,-0.06999969482421875,-0.006999969482421875
523,1835817,Northern Star Investment Corp  III,NSTC,2021-06-04,3/31/21,2021-09-02,9.789999961853027,9.694000244140625,-0.09599971771240234,-0.009805895616595258
524,1835817,Northern Star Investment Corp  III,NSTC-UN,2021-06-04,3/31/21,2021-09-02,9.949999809265137,9.78689956665039,-0.1631002426147461,-0.016391984496609953
525,1842916,Forum Merger IV Corp,FMIV,2021-08-12,6/30/21,2021-11-10,9.739999771118164,9.8100004196167,0.07000064849853516,0.007186925066066916
526,1842916,Forum Merger IV Corp,FMIVU,2021-08-12,6/30/21,2021-11-10,9.920000076293945,10.0600004196167,0.1400003433227539,0.014112937726413529
527,1842916,Forum Merger IV Corp,FMIV,2021-11-12,9/30/21,2022-02-10,9.789999961853027,9.729999542236328,-0.06000041961669922,-0.006128745643564077
528,1842916,Forum Merger IV Corp,FMIVU,2021-11-12,9/30/21,2022-02-10,10.039999961853027,9.880000114440918,-0.15999984741210938,-0.01593623984263234
529,1847846,8i Acquisition 2 Corp ,LAX,2021-12-22,10/31/21,2022-03-22,9.720000267028809,9.819999694824219,0.09999942779541016,0.01028800669220329
530,1847846,8i Acquisition 2 Corp ,LAXXU,2021-12-22,10/31/21,2022-03-22,10.430000305175781,10.279999732971191,-0.15000057220458984,-0.014381646003418963
531,1855886,Arbor Rapha Capital Bioholdings Corp  I,ARCKU,2021-12-09,9/30/21,2022-03-09,10.09000015258789,10.010000228881836,-0.07999992370605469,-0.00792863453877513
532,1863460,PHP Ventures Acquisition Corp ,PPHPU,2021-09-16,6/30/21,2021-12-15,10.180000305175781,10.460000038146973,0.2799997329711914,0.02750488453608711
533,1863460,PHP Ventures Acquisition Corp ,PPHP,2021-11-02,9/30/21,2022-01-31,9.899999618530273,9.9399995803833,0.039999961853027344,0.004040400342860379
534,1863460,PHP Ventures Acquisition Corp ,PPHPU,2021-11-02,9/30/21,2022-01-31,10.359999656677246,10.209400177001953,-0.15059947967529297,-0.014536629794020149
535,1869824,Seaport Global Acquisition II Corp ,SGII,2021-12-23,9/30/21,2022-03-23,9.829999923706055,9.914999961853027,0.08500003814697266,0.00864700293048694
536,1869824,Seaport Global Acquisition II Corp ,SGIIU,2021-12-23,9/30/21,2022-03-23,10.0,9.970000267028809,-0.029999732971191406,-0.0029999732971191405
537,1875444,Arhaus  Inc ,ARHS,2021-12-09,9/30/21,2022-03-09,9.949999809265137,7.050000190734863,-2.8999996185302734,-0.291457253680536
538,23795,CONSOLIDATED TOMOKA LAND CO,CTO,2017-05-09,3/31/17,2017-08-07,43.965797424316406,45.48859786987305,1.5228004455566406,0.03463602470029162
539,23795,CONSOLIDATED TOMOKA LAND CO,CTO,2017-08-09,6/30/17,2017-11-07,44.72312545776367,46.92996597290039,2.2068405151367188,0.04934450561199819
540,23795,CONSOLIDATED TOMOKA LAND CO,CTO,2018-05-01,3/31/18,2018-07-30,49.87784957885742,51.75895690917969,1.8811073303222656,0.03771428291727402
541,23795,CONSOLIDATED TOMOKA LAND CO,CTO,2018-08-01,6/30/18,2018-10-30,51.22964096069336,48.85993576049805,-2.3697052001953125,-0.04625652563158702
542,23795,CONSOLIDATED TOMOKA LAND CO,CTO,2018-10-26,9/30/18,2019-01-24,47.19869613647461,49.32410430908203,2.125408172607422,0.04503107811414585
543,23795,CONSOLIDATED TOMOKA LAND CO,CTO,2019-04-30,3/31/19,2019-07-29,50.48859786987305,50.610748291015625,0.12215042114257812,0.0024193664767122847
544,23795,CONSOLIDATED TOMOKA LAND CO,CTO,2019-07-31,6/30/19,2019-10-29,51.074920654296875,51.188926696777344,0.11400604248046875,0.002232133521109593
545,23795,CONSOLIDATED TOMOKA LAND CO,CTO,2019-10-23,9/30/19,2020-01-21,54.2671012878418,53.118892669677734,-1.1482086181640625,-0.021158466011917086
546,23795,CTO Realty Growth  Inc ,CTO,2020-08-07,6/30/20,2020-11-05,34.527687072753906,39.16123962402344,4.633552551269531,0.13419817381645316
547,23795,CTO Realty Growth  Inc ,CTO,2020-11-06,9/30/20,2021-02-04,39.32410430908203,45.470001220703125,6.145896911621094,0.15628828728850866
548,23795,CTO Realty Growth  Inc ,CTO,2021-04-29,3/31/21,2021-07-28,53.06999969482422,54.619998931884766,1.5499992370605469,0.02920669391320374
549,23795,CTO Realty Growth  Inc ,CTO,2021-07-29,6/30/21,2021-10-27,54.849998474121094,54.13999938964844,-0.7099990844726562,-0.012944377469903533
550,23795,CTO Realty Growth  Inc ,CTO-PA,2021-07-29,6/30/21,2021-10-27,25.600000381469727,25.700000762939453,0.10000038146972656,0.003906264842953312
551,23795,CTO Realty Growth  Inc ,CTO,2021-10-28,9/30/21,2022-01-26,54.02000045776367,58.130001068115234,4.1100006103515625,0.07608294290121353
552,23795,CTO Realty Growth  Inc ,CTO-PA,2021-10-28,9/30/21,2022-01-26,25.670000076293945,27.6200008392334,1.9500007629394531,0.07596418999391684
553,277948,CSX CORP,CSX,2017-04-20,3/31/17,2017-07-19,16.520000457763672,17.290000915527344,0.7700004577636719,0.04661019590963786
554,277948,CSX CORP,CSX,2017-07-19,6/30/17,2017-10-17,17.290000915527344,18.07666778564453,0.7866668701171875,0.04549837064558618
555,277948,CSX CORP,CSX,2017-10-18,9/30/17,2018-01-16,17.893333435058594,19.376667022705078,1.4833335876464844,0.0828986724597762
556,277948,CSX CORP,CSX,2018-04-18,3/31/18,2018-07-17,20.336666107177734,21.479999542236328,1.1433334350585938,0.056220298304207265
557,277948,CSX CORP,CSX,2018-07-18,6/30/18,2018-10-16,23.0,24.066667556762695,1.0666675567626953,0.04637685029403023
558,277948,CSX CORP,CSX,2018-10-17,9/30/18,2019-01-15,23.56999969482422,21.703332901000977,-1.8666667938232422,-0.079196725413329
559,277948,CSX CORP,CSX,2019-04-17,3/31/19,2019-07-16,26.31333351135254,26.516666412353516,0.20333290100097656,0.007727371407094858
560,277948,CSX CORP,CSX,2019-07-17,6/30/19,2019-10-15,23.793333053588867,23.05666732788086,-0.7366657257080078,-0.03096101433325218
561,277948,CSX CORP,CSX,2019-10-17,9/30/19,2020-01-15,23.260000228881836,24.996667861938477,1.7366676330566406,0.07466326809834802
562,277948,CSX CORP,CSX,2020-04-23,3/31/20,2020-07-22,20.489999771118164,24.420000076293945,3.9300003051757812,0.1918008955136907
563,277948,CSX CORP,CSX,2020-07-23,6/30/20,2020-10-21,23.843332290649414,26.239999771118164,2.39666748046875,0.10051730400992002
564,277948,CSX CORP,CSX,2020-10-22,9/30/20,2021-01-20,27.24333381652832,31.06999969482422,3.8266658782958984,0.14046246704117724
565,277948,CSX CORP,CSX,2021-04-21,3/31/21,2021-07-20,34.22999954223633,31.18000030517578,-3.049999237060547,-0.08910310481591327
566,277948,CSX CORP,CSX,2021-07-22,6/30/21,2021-10-20,32.66999816894531,34.459999084472656,1.7900009155273438,0.054790358611921844
567,277948,CSX CORP,CSX,2021-10-21,9/30/21,2022-01-19,35.0099983215332,35.25,0.24000167846679688,0.006855232504229564
568,314808,Valaris Ltd,VAL,2021-08-03,6/30/21,2021-11-01,27.40999984741211,35.650001525878906,8.240001678466797,0.30062027451068263
569,314808,Valaris Ltd,VAL,2021-11-02,9/30/21,2022-01-31,35.630001068115234,41.4900016784668,5.8600006103515625,0.16446815702162837
570,354647,CVB FINANCIAL CORP,CVBF,2017-05-10,3/31/17,2017-08-08,21.780000686645508,21.56999969482422,-0.21000099182128906,-0.009641918512429248
571,354647,CVB FINANCIAL CORP,CVBF,2017-08-09,6/30/17,2017-11-07,21.270000457763672,23.0,1.7299995422363281,0.08133519064428926
572,354647,CVB FINANCIAL CORP,CVBF,2017-11-09,9/30/17,2018-02-07,22.610000610351562,22.6200008392334,0.010000228881835938,0.00044229228712437636
573,354647,CVB FINANCIAL CORP,CVBF,2018-05-10,3/31/18,2018-08-08,22.959999084472656,24.18000030517578,1.220001220703125,0.053135943787044185
574,354647,CVB FINANCIAL CORP,CVBF,2018-08-09,6/30/18,2018-11-07,24.110000610351562,22.420000076293945,-1.6900005340576172,-0.07009541647759313
575,354647,CVB FINANCIAL CORP,CVBF,2018-11-09,9/30/18,2019-02-07,22.399999618530273,22.479999542236328,0.07999992370605469,0.003571425226269879
576,354647,CVB FINANCIAL CORP,CVBF,2019-05-10,3/31/19,2019-08-08,21.40999984741211,20.790000915527344,-0.6199989318847656,-0.028958380957658285
577,354647,CVB FINANCIAL CORP,CVBF,2019-08-09,6/30/19,2019-11-07,20.829999923706055,21.5,0.6700000762939453,0.0321651502039343
578,354647,CVB FINANCIAL CORP,CVBF,2019-11-12,9/30/19,2020-02-10,21.450000762939453,21.299999237060547,-0.15000152587890625,-0.006993077880821036
579,354647,CVB FINANCIAL CORP,CVBF,2020-11-06,9/30/20,2021-02-04,17.75,20.360000610351562,2.6100006103515625,0.14704228790713028
580,354647,CVB FINANCIAL CORP,CVBF,2021-11-09,9/30/21,2022-02-07,20.729999542236328,23.100000381469727,2.3700008392333984,0.11432710523725007
581,4281,Arconic Inc ,HWM,2017-05-02,3/31/17,2017-07-31,27.149999618530273,24.790000915527344,-2.3599987030029297,-0.0869244470041243
582,4281,Arconic Inc ,HWM,2017-08-02,6/30/17,2017-10-31,24.8799991607666,25.1200008392334,0.24000167846679688,0.009646370038679774
583,4281,Arconic Inc ,HWM,2018-05-01,3/31/18,2018-07-30,17.68000030517578,20.860000610351562,3.1800003051757812,0.17986426755008839
584,4281,Arconic Inc ,HWM,2018-08-02,6/30/18,2018-10-31,21.06999969482422,20.329999923706055,-0.7399997711181641,-0.03512101480001173
585,4281,Arconic Inc ,HWM,2018-11-01,9/30/18,2019-01-30,21.270000457763672,18.709999084472656,-2.5600013732910156,-0.12035737274075142
586,4281,Arconic Inc ,HWM,2019-05-01,3/31/19,2019-07-30,21.459999084472656,25.139999389648438,3.6800003051757812,0.1714818481906851
587,4281,Arconic Inc ,HWM,2019-08-02,6/30/19,2019-10-31,23.760000228881836,27.469999313354492,3.7099990844726562,0.1561447411083317
588,4281,Arconic Inc ,HWM,2019-11-05,9/30/19,2020-02-03,29.510000228881836,30.059999465942383,0.5499992370605469,0.018637723917136917
589,4281,Howmet Aerospace Inc ,HWM,2020-05-07,3/31/20,2020-08-05,11.869999885559082,16.079999923706055,4.210000038146973,0.3546756595397119
590,4281,Howmet Aerospace Inc ,HWM,2020-08-07,6/30/20,2020-11-05,16.959999084472656,18.84000015258789,1.8800010681152344,0.11084912556607546
591,4281,Howmet Aerospace Inc ,HWM,2021-05-06,3/31/21,2021-08-04,32.209999084472656,30.700000762939453,-1.5099983215332031,-0.04687980020033971
592,4281,Howmet Aerospace Inc ,HWM,2021-08-04,6/30/21,2021-11-02,30.700000762939453,30.68000030517578,-0.020000457763671875,-0.0006514806927241548
593,4281,Howmet Aerospace Inc ,HWM,2021-11-04,9/30/21,2022-02-02,31.0,32.61000061035156,1.6100006103515625,0.05193550355972782
594,70502,NATIONAL RURAL UTILITIES COOPERATIVE FINANCE CORP  DC ,NRUC,2019-10-10,8/31/19,2020-01-08,27.559999465942383,27.540000915527344,-0.019998550415039062,-0.0007256368215736913
595,70502,NATIONAL RURAL UTILITIES COOPERATIVE FINANCE CORP  DC ,NRUC,2020-10-15,8/31/20,2021-01-13,27.5,27.600000381469727,0.10000038146972656,0.003636377507990057
596,70502,NATIONAL RURAL UTILITIES COOPERATIVE FINANCE CORP  DC ,NRUC,2021-01-12,11/30/20,2021-04-12,27.56999969482422,26.760000228881836,-0.8099994659423828,-0.02937974156359697
597,70502,NATIONAL RURAL UTILITIES COOPERATIVE FINANCE CORP  DC ,NRUC,2021-04-13,2/28/21,2021-07-12,26.760000228881836,27.450000762939453,0.6900005340576172,0.02578477309999817
598,70502,NATIONAL RURAL UTILITIES COOPERATIVE FINANCE CORP  DC ,NRUC,2021-10-12,8/31/21,2022-01-10,27.799999237060547,26.530000686645508,-1.269998550415039,-0.04568340234779529
599,832489,GeoVax Labs  Inc ,GOVX,2020-11-05,9/30/20,2021-02-03,2.9000000953674316,5.400000095367432,2.5,0.8620689371678274
600,832489,GeoVax Labs  Inc ,GOVX,2021-05-06,3/31/21,2021-08-04,6.300000190734863,4.21999979019165,-2.080000400543213,-0.3301587837413369
601,832489,GeoVax Labs  Inc ,GOVX,2021-08-11,6/30/21,2021-11-09,4.244999885559082,4.190000057220459,-0.05499982833862305,-0.012956379227647344
602,832489,GeoVax Labs  Inc ,GOVX,2021-11-12,9/30/21,2022-02-10,3.9049999713897705,2.1700000762939453,-1.7349998950958252,-0.44430215308768545
603,892832,SANDSTON CORP,SDON,2017-08-11,6/30/17,2017-11-09,0.01600000075995922,0.08449999988079071,0.06849999912083149,4.281249741703517
604,892832,SANDSTON CORP,SDON,2018-08-14,6/30/18,2018-11-12,0.05000000074505806,0.05000000074505806,0.0,0.0
605,892832,SANDSTON CORP,SDON,2018-11-13,9/30/18,2019-02-11,0.05000000074505806,0.05000000074505806,0.0,0.0
606,892832,SANDSTON CORP,SDON,2019-05-10,3/31/19,2019-08-08,0.03999999910593033,0.029999999329447746,-0.009999999776482582,-0.25
607,892832,SANDSTON CORP,SDON,2019-08-13,6/30/19,2019-11-11,0.029999999329447746,0.054999999701976776,0.02500000037252903,0.8333333643774199
608,892832,SANDSTON CORP,SDON,2019-11-13,9/30/19,2020-02-11,0.07000000029802322,0.07000000029802322,0.0,0.0
609,892832,SANDSTON CORP,SDON,2020-05-14,3/31/20,2020-08-12,0.10000000149011612,0.06499999761581421,-0.03500000387430191,-0.35000003352761216
610,892832,SANDSTON CORP,SDON,2020-08-13,6/30/20,2020-11-11,0.06499999761581421,0.05000000074505806,-0.01499999687075615,-0.23076919109158117
611,892832,SANDSTON CORP,SDON,2020-11-13,9/30/20,2021-02-11,0.05000000074505806,0.10000000149011612,0.05000000074505806,1.0
612,892832,SANDSTON CORP,SDON,2021-05-14,3/31/21,2021-08-12,0.05260000005364418,0.1550000011920929,0.10240000113844872,1.9467680804945995
613,892832,SANDSTON CORP,SDON,2021-08-13,6/30/21,2021-11-11,0.1550000011920929,0.1899999976158142,0.034999996423721313,0.2258064268034779
614,892832,SANDSTON CORP,SDON,2021-11-12,9/30/21,2022-02-10,0.1899999976158142,0.12999999523162842,-0.06000000238418579,-0.31578949019519265
615,912593,SUN COMMUNITIES INC,SUI,2017-04-27,3/31/17,2017-07-26,84.62999725341797,88.33000183105469,3.7000045776367188,0.043719776647957835
616,912593,SUN COMMUNITIES INC,SUI,2017-07-27,6/30/17,2017-10-25,88.87000274658203,89.62000274658203,0.75,0.008439293089015296
617,912593,SUN COMMUNITIES INC,SUI,2017-10-24,9/30/17,2018-01-22,89.91000366210938,89.16999816894531,-0.7400054931640625,-0.008230513435913937
618,912593,SUN COMMUNITIES INC,SUI,2018-04-24,3/31/18,2018-07-23,91.33999633789062,96.97000122070312,5.6300048828125,0.06163789258306552
619,912593,SUN COMMUNITIES INC,SUI,2018-07-26,6/30/18,2018-10-24,96.0999984741211,100.66999816894531,4.569999694824219,0.04755462817259961
620,912593,SUN COMMUNITIES INC,SUI,2018-10-25,9/30/18,2019-01-23,102.66999816894531,104.94000244140625,2.2700042724609375,0.02210971377174474
621,912593,SUN COMMUNITIES INC,SUI,2019-04-25,3/31/19,2019-07-24,122.23999786376953,131.33999633789062,9.099998474121094,0.07444370609579522
622,912593,SUN COMMUNITIES INC,SUI,2019-07-25,6/30/19,2019-10-23,132.3000030517578,155.0,22.699996948242188,0.1715797159835408
623,912593,SUN COMMUNITIES INC,SUI,2019-10-24,9/30/19,2020-01-22,158.4600067138672,156.9600067138672,-1.5,-0.00946611092039498
624,912593,SUN COMMUNITIES INC,SUI,2020-04-23,3/31/20,2020-07-22,121.45999908447266,140.67999267578125,19.219993591308594,0.158241344773447
625,912593,SUN COMMUNITIES INC,SUI,2020-07-23,6/30/20,2020-10-21,141.5,145.1199951171875,3.6199951171875,0.025583004361749116
626,912593,SUN COMMUNITIES INC,SUI,2020-10-22,9/30/20,2021-01-20,142.22999572753906,146.1300048828125,3.9000091552734375,0.027420440641399136
627,912593,SUN COMMUNITIES INC,SUI,2021-04-27,3/31/21,2021-07-26,163.4600067138672,189.11000061035156,25.649993896484375,0.1569190801599811
628,912593,SUN COMMUNITIES INC,SUI,2021-07-27,6/30/21,2021-10-25,192.3300018310547,202.0,9.669998168945312,0.050278157733495844
629,912593,SUN COMMUNITIES INC,SUI,2021-10-26,9/30/21,2022-01-24,197.94000244140625,186.77999877929688,-11.160003662109375,-0.05638073923644077
630,916540,DARLING INGREDIENTS INC ,DAR,2017-05-11,4/1/17,2017-08-09,15.449999809265137,16.43000030517578,0.9800004959106445,0.06343045359281835
631,916540,DARLING INGREDIENTS INC ,DAR,2017-08-09,7/1/17,2017-11-07,16.43000030517578,17.469999313354492,1.039999008178711,0.06329878203660716
632,916540,DARLING INGREDIENTS INC ,DAR,2017-11-07,9/30/17,2018-02-05,17.469999313354492,17.5,0.030000686645507812,0.0017172689081089178
633,916540,DARLING INGREDIENTS INC ,DAR,2018-05-09,3/31/18,2018-08-07,16.719999313354492,20.68000030517578,3.960000991821289,0.23684217430908516
634,916540,DARLING INGREDIENTS INC ,DAR,2018-08-08,6/30/18,2018-11-06,20.5,20.670000076293945,0.1700000762939453,0.008292686648485138
635,916540,DARLING INGREDIENTS INC ,DAR,2018-11-06,9/29/18,2019-02-04,20.670000076293945,21.34000015258789,0.6700000762939453,0.03241413032515449
636,916540,DARLING INGREDIENTS INC ,DAR,2019-05-08,3/30/19,2019-08-06,20.350000381469727,19.6299991607666,-0.720001220703125,-0.035380894703016454
637,916540,DARLING INGREDIENTS INC ,DAR,2019-08-07,6/29/19,2019-11-05,19.68000030517578,20.06999969482422,0.3899993896484375,0.019817041849631924
638,916540,DARLING INGREDIENTS INC ,DAR,2019-11-06,9/28/19,2020-02-04,20.25,28.25,8.0,0.3950617283950617
639,916540,DARLING INGREDIENTS INC ,DAR,2020-05-06,3/28/20,2020-08-04,19.920000076293945,28.0,8.079999923706055,0.40562248457628086
640,916540,DARLING INGREDIENTS INC ,DAR,2020-08-05,6/27/20,2020-11-03,29.020000457763672,45.41999816894531,16.39999771118164,0.5651274104923102
641,916540,DARLING INGREDIENTS INC ,DAR,2020-11-03,9/26/20,2021-02-01,45.41999816894531,65.12999725341797,19.709999084472656,0.4339497991866682
642,916540,DARLING INGREDIENTS INC ,DAR,2021-05-11,4/3/21,2021-08-09,70.73999786376953,72.43000030517578,1.69000244140625,0.023890337750092132
643,916540,DARLING INGREDIENTS INC ,DAR,2021-08-10,7/3/21,2021-11-08,73.73999786376953,83.44000244140625,9.700004577636719,0.13154332599191185
644,916540,DARLING INGREDIENTS INC ,DAR,2021-11-09,10/2/21,2022-02-07,81.87999725341797,62.36000061035156,-19.519996643066406,-0.23839762210362764
